期号,开奖日期,开奖号码(红1),开奖号码(红2),开奖号码(红3),开奖号码(红4),开奖号码(红5),开奖号码(红6),开奖号码(蓝),总销售额,奖池
2023073,2023-06-27（二）,01,03,15,16,25,32,10,360075550,2285628386
2023072,2023-06-25（日）,02,06,10,24,25,33,09,390203400,2257958066
2023071,2023-06-22（四）,05,12,15,19,24,26,06,335357710,2261306658
2023070,2023-06-20（二）,03,05,25,31,32,33,04,358436376,2298227329
2023069,2023-06-18（日）,12,14,17,20,21,26,02,396617204,2216379497
2023068,2023-06-15（四）,11,12,15,18,29,33,02,370869162,2178451698
2023067,2023-06-13（二）,01,03,12,19,28,32,14,364444632,2103312244
2023066,2023-06-11（日）,02,07,08,10,26,31,06,393592226,2060647554
2023065,2023-06-08（四）,02,14,17,20,26,33,14,364732942,2102299471
2023064,2023-06-06（二）,01,07,11,12,16,18,04,358055754,2081628784
2023063,2023-06-04（日）,04,08,17,20,22,27,13,390718820,2130039756
2023062,2023-06-01（四）,11,19,23,24,26,33,15,359921314,2083569496
2023061,2023-05-30（二）,01,04,06,11,12,22,15,365432766,2002747701
2023060,2023-05-28（日）,09,11,17,19,30,31,11,402713176,1949837133
2023059,2023-05-25（四）,02,06,13,22,27,32,06,374631364,1922748082
2023058,2023-05-23（二）,10,17,22,26,30,33,11,372662796,2029768036
2023057,2023-05-21（日）,02,05,10,17,24,32,03,396913794,2012616989
2023056,2023-05-18（四）,08,14,15,18,23,33,08,372532958,2067478767
2023055,2023-05-16（二）,03,04,20,23,27,32,13,370786668,2076855754
2023054,2023-05-14（日）,05,06,09,10,15,26,12,394464450,2012386157
2023053,2023-05-11（四）,01,07,14,20,27,30,15,364282626,2004355202
2023052,2023-05-09（二）,03,04,05,08,12,17,06,358038114,1998828962
2023051,2023-05-07（日）,22,26,29,30,32,33,14,388332454,2041647521
2023050,2023-05-04（四）,02,07,09,14,22,23,05,359185180,1975368056
2023049,2023-05-02（二）,05,07,14,23,25,27,02,328857030,1961601481
2023048,2023-04-30（日）,02,03,10,24,28,30,08,362109840,1949270613
2023047,2023-04-27（四）,05,07,14,23,31,33,07,373486114,1990369107
2023046,2023-04-25（二）,06,08,17,25,26,28,03,364967218,2028047147
2023045,2023-04-23（日）,03,06,12,21,27,28,04,398638950,2001600001
2023044,2023-04-20（四）,02,08,15,22,24,26,16,375494004,2012948026
期号,开奖日期,开奖号码(红1),开奖号码(红2),开奖号码(红3),开奖号码(红4),开奖号码(红5),开奖号码(红6),开奖号码(蓝),总销售额,奖池
2023043,2023-04-18（二）,05,08,12,20,24,28,10,370609676,1996962618
2023042,2023-04-16（日）,10,17,20,23,27,30,10,406450374,2044443036
2023041,2023-04-13（四）,01,06,12,13,15,24,06,379030400,2049048265
2023040,2023-04-11（二）,09,16,17,24,29,31,08,372777348,2006881397
2023039,2023-04-09（日）,02,03,09,13,19,28,09,409186858,1976860679
2023038,2023-04-06（四）,02,09,14,17,31,33,08,368841578,1948188487
2023037,2023-04-04（二）,08,23,25,26,29,31,12,357460864,1956183761
2023036,2023-04-02（日）,13,14,18,19,24,30,09,402105258,1993133574
2023035,2023-03-30（四）,01,04,09,10,20,33,06,376157550,2075773039
2023034,2023-03-28（二）,02,03,09,11,12,17,15,371464196,2074219579
2023033,2023-03-26（日）,08,09,13,23,24,26,05,407044870,2042293077
2023032,2023-03-23（四）,06,19,20,26,28,33,01,378271328,2004521709
2023031,2023-03-21（二）,07,14,27,29,31,33,05,377795536,2031724589
2023030,2023-03-19（日）,02,03,07,16,30,31,06,407635670,1984712961
2023029,2023-03-16（四）,03,07,12,24,28,33,08,373970632,1968119308
2023028,2023-03-14（二）,05,07,10,17,20,22,14,378131048,1940352740
2023027,2023-03-12（日）,08,10,22,27,32,33,08,405939502,1887143965
2023026,2023-03-09（四）,01,18,26,30,31,33,03,382398740,1865260832
2023025,2023-03-07（二）,04,16,20,21,31,32,14,383537242,1861412948
2023024,2023-03-05（日）,03,06,09,17,27,28,03,424465912,1857117376
2023023,2023-03-02（四）,05,08,10,15,24,25,09,394377912,1904715322
2023022,2023-02-28（二）,10,11,18,19,23,31,03,393991274,2109715322
2023021,2023-02-26（日）,02,05,06,19,21,27,04,430229092,2042737116
2023020,2023-02-23（四）,01,12,17,18,26,27,05,394774502,2083313411
2023019,2023-02-21（二）,06,12,26,28,29,32,15,399695170,2024791190
2023018,2023-02-19（日）,10,12,17,19,25,31,13,428078014,1996089903
2023017,2023-02-16（四）,05,11,18,20,26,28,12,385010210,1912869860
2023016,2023-02-14（二）,14,16,19,23,28,30,03,363237418,1890499018
2023015,2023-02-12（日）,02,03,14,21,29,32,08,392727530,1840337997
2023014,2023-02-09（四）,06,07,18,23,27,30,05,354854954,1855218930
期号,开奖日期,开奖号码(红1),开奖号码(红2),开奖号码(红3),开奖号码(红4),开奖号码(红5),开奖号码(红6),开奖号码(蓝),总销售额,奖池
2023013,2023-02-07（二）,06,10,14,22,23,33,13,351959204,1832147989
2023012,2023-02-05（日）,03,04,07,22,26,30,06,377681908,1776074467
2023011,2023-02-02（四）,06,07,16,17,21,22,04,344777252,1790457577
2023010,2023-01-31（二）,04,05,13,18,27,29,12,335698884,1813355120
2023009,2023-01-29（日）,03,04,19,23,30,32,06,370445322,1812003410
2023008,2023-01-17（二）,05,13,18,20,26,28,06,367864780,1753087580
2023007,2023-01-15（日）,05,06,09,22,25,31,03,357680590,1745872298
2023006,2023-01-12（四）,02,10,12,14,24,26,05,341187596,1711353726
2023005,2023-01-10（二）,02,06,08,13,14,19,16,331127174,1726038229
2023004,2023-01-08（日）,01,07,15,16,20,25,16,362777504,1670832253
2023003,2023-01-05（四）,05,08,18,25,30,32,06,332514694,1656261800
2023002,2023-01-03（二）,02,06,10,16,18,22,13,317440920,1652047889
2023001,2023-01-01（日）,09,16,18,22,28,32,02,349018800,1631485850
2022150,2022-12-29（四）,01,07,11,12,22,28,05,322732470,1613770461
2022149,2022-12-27（二）,02,22,26,29,32,33,14,305443962,1619210281
2022148,2022-12-25（日）,02,15,16,17,21,31,14,328466772,1596182866
2022147,2022-12-22（四）,02,03,07,13,20,30,10,308727648,1587565859
2022146,2022-12-20（二）,06,07,13,18,26,31,06,319241960,1643604313
2022145,2022-12-18（日）,03,21,25,30,31,33,11,366333090,1651431252
2022144,2022-12-15（四）,07,20,22,23,31,32,05,400859910,1615187506
2022143,2022-12-13（二）,07,08,13,29,30,33,03,397641696,1612687877
2022142,2022-12-11（日）,01,03,13,16,21,27,03,440572602,1636406391
2022141,2022-12-08（四）,05,12,13,17,20,27,14,415110854,1674155872
2022140,2022-12-06（二）,08,09,18,19,20,27,15,397499610,1702647485
2022139,2022-12-04（日）,06,07,09,16,17,19,14,421220444,1751181135
2022138,2022-12-01（四）,02,14,19,21,25,28,11,382295872,1744972360
2022137,2022-11-29（二）,08,21,23,27,28,33,01,380398430,1696427005
2022136,2022-11-27（日）,08,10,14,15,18,22,08,412826960,1678628784
2022135,2022-11-24（四）,09,11,13,24,28,32,06,402652460,1733838061
2022134,2022-11-22（二）,01,05,14,17,24,31,14,404859714,1728998506
期号,开奖日期,开奖号码(红1),开奖号码(红2),开奖号码(红3),开奖号码(红4),开奖号码(红5),开奖号码(红6),开奖号码(蓝),总销售额,奖池
2022133,2022-11-20（日）,05,08,16,17,21,25,12,457083562,1713363599
2022132,2022-11-17（四）,01,03,18,26,32,33,04,439981994,1698530418
2022131,2022-11-15（二）,03,05,10,13,19,29,06,425292626,1640635486
2022130,2022-11-13（日）,02,08,15,17,26,28,12,446023212,1689813201
2022129,2022-11-10（四）,10,12,14,22,24,27,07,430007836,1908461423
2022128,2022-11-08（二）,03,12,18,24,27,29,01,420999886,1889014542
2022127,2022-11-06（日）,03,04,09,10,29,33,13,455409958,1869259580
2022126,2022-11-03（四）,01,13,15,17,26,33,13,436137344,1807038683
2022125,2022-11-01（二）,02,03,07,12,20,31,16,429659904,1762667038
2022124,2022-10-30（日）,05,10,13,18,24,26,01,383396494,1740587803
2022123,2022-10-27（四）,10,13,16,20,21,25,05,360850820,1693327054
2022122,2022-10-25（二）,06,08,17,19,24,28,05,350001646,1677059125
2022121,2022-10-23（日）,12,17,22,27,30,31,02,380066114,1769892531
2022120,2022-10-20（四）,02,15,19,26,27,29,02,355500194,1742358177
2022119,2022-10-18（二）,02,05,15,18,26,27,04,341495720,1899873541
2022118,2022-10-16（日）,02,06,07,11,14,33,08,374309728,1910541782
2022117,2022-10-13（四）,04,13,17,18,28,29,06,345578024,1901177457
2022116,2022-10-11（二）,08,14,26,27,30,33,01,337975208,1923415752
2022115,2022-10-09（日）,06,07,18,20,27,29,09,359461828,1849681926
2022114,2022-10-06（四）,01,05,15,19,26,29,13,347069064,1986647604
2022113,2022-09-29（四）,13,14,20,24,27,29,02,363604180,1991635746
2022112,2022-09-27（二）,03,05,08,17,25,31,01,348893862,1937385782
2022111,2022-09-25（日）,02,10,11,13,28,31,01,385923798,1901720272
2022110,2022-09-22（四）,09,13,15,18,20,28,15,352346658,1836366779
2022109,2022-09-20（二）,04,11,13,19,22,33,11,349805376,1811161575
2022108,2022-09-18（日）,01,07,13,17,18,31,15,379260702,1790162397
2022107,2022-09-15（四）,03,09,11,15,19,28,16,342747048,1794077479
2022106,2022-09-13（二）,17,20,22,23,24,31,01,336123528,1800820638
2022105,2022-09-11（日）,06,12,13,15,21,23,15,357410590,1747497631
2022104,2022-09-08（四）,01,08,19,25,26,31,01,337087306,1704610228
期号,开奖日期,开奖号码(红1),开奖号码(红2),开奖号码(红3),开奖号码(红4),开奖号码(红5),开奖号码(红6),开奖号码(蓝),总销售额,奖池
2022103,2022-09-06（二）,06,09,12,14,20,28,10,331343836,1753950406
2022102,2022-09-04（日）,09,10,12,18,29,32,14,360805992,1772160912
2022101,2022-09-01（四）,04,16,18,19,27,28,04,342584116,1742459306
2022100,2022-08-30（二）,02,06,07,15,20,21,15,338953236,1869582122
2022099,2022-08-28（日）,01,11,23,24,26,32,15,368635154,1867860655
2022098,2022-08-25（四）,02,03,04,06,21,33,05,339839938,1853286941
2022097,2022-08-23（二）,04,05,10,13,30,31,14,339168020,1876944863
2022096,2022-08-21（日）,03,16,17,19,25,33,07,374401638,1824688735
2022095,2022-08-18（四）,04,13,14,18,20,28,08,339954958,2028343930
2022094,2022-08-16（二）,06,11,13,16,19,31,02,333751422,2024071723
2022093,2022-08-14（日）,21,22,24,28,29,32,14,363673578,1991811868
2022092,2022-08-11（四）,07,10,16,20,21,27,11,337222664,1927997908
2022091,2022-08-09（二）,08,18,20,22,24,28,10,335981918,1983706692
2022090,2022-08-07（日）,01,04,25,27,29,30,07,365943774,1985834009
2022089,2022-08-04（四）,02,07,15,29,31,33,15,342434670,2006110048
2022088,2022-08-02（二）,03,09,15,17,20,22,06,340253450,1970007210
2022087,2022-07-31（日）,05,06,09,13,23,25,08,370042706,2038263308
2022086,2022-07-28（四）,01,04,08,21,23,24,11,345421240,2050676797
2022085,2022-07-26（二）,07,09,14,31,32,33,13,341538762,2041516396
2022084,2022-07-24（日）,03,18,23,24,25,32,09,368808592,2055734480
2022083,2022-07-21（四）,08,12,13,14,19,20,05,347550570,2040473284
2022082,2022-07-19（二）,04,10,11,23,30,32,14,347371994,2063526963
2022081,2022-07-17（日）,04,08,11,21,27,30,01,373064250,2018613381
2022080,2022-07-14（四）,05,12,15,17,18,27,04,342797508,1986021667
2022079,2022-07-12（二）,01,09,15,17,22,23,16,341273762,1982330237
2022078,2022-07-10（日）,01,04,05,15,17,31,09,366650644,1919037561
2022077,2022-07-07（四）,03,17,18,19,20,27,16,345118818,1909641199
2022076,2022-07-05（二）,08,09,10,13,24,29,02,342718328,1930610784
2022075,2022-07-03（日）,01,02,04,25,26,30,10,379959636,1946747172
2022074,2022-06-30（四）,05,07,15,19,29,33,15,354915638,1928690407
期号,开奖日期,开奖号码(红1),开奖号码(红2),开奖号码(红3),开奖号码(红4),开奖号码(红5),开奖号码(红6),开奖号码(蓝),总销售额,奖池
2022073,2022-06-28（二）,06,10,14,15,26,29,12,352213628,1902372906
2022072,2022-06-26（日）,05,14,15,16,18,32,12,385506202,1879381753
2022071,2022-06-23（四）,04,07,15,18,29,33,01,354289328,1866155263
2022070,2022-06-21（二）,04,06,09,27,28,33,02,356598990,1847642672
2022069,2022-06-19（日）,06,07,13,19,26,29,08,380359658,1839751672
2022068,2022-06-16（四）,07,12,15,24,26,29,06,354071622,1911353650
2022067,2022-06-14（二）,01,05,13,21,26,29,15,347891686,1899875782
2022066,2022-06-12（日）,06,11,14,20,27,30,09,370987262,1900729226
2022065,2022-06-09（四）,09,14,18,23,28,31,02,348395414,2051850948
2022064,2022-06-07（二）,04,06,12,13,17,31,16,340689068,2025619908
2022063,2022-06-05（日）,06,08,09,17,22,31,11,360023818,2036171824
2022062,2022-06-02（四）,16,18,20,21,23,33,05,329515310,2113191829
2022061,2022-05-31（二）,01,03,16,18,29,33,06,331252342,2089196019
2022060,2022-05-29（日）,16,18,19,24,28,32,01,361140396,2044441141
2022059,2022-05-26（四）,06,09,18,19,29,33,06,340378840,1985420373
2022058,2022-05-24（二）,06,13,14,23,31,33,01,336926030,2046143432
2022057,2022-05-22（日）,12,15,20,26,30,33,16,378857894,2045497453
2022056,2022-05-19（四）,01,06,11,14,17,26,15,352329270,2004226992
2022055,2022-05-17（二）,02,04,09,26,28,33,03,350153658,1971539174
2022054,2022-05-15（日）,08,12,21,27,28,33,11,391678014,1941352325
2022053,2022-05-12（四）,10,14,18,23,27,33,15,356510652,2046352325
2022052,2022-05-10（二）,07,24,27,29,31,32,15,359187786,1997206997
2022051,2022-05-08（日）,02,05,11,17,21,33,01,389679034,1951616776
2022050,2022-05-05（四）,03,05,08,14,27,33,08,363371278,1916892944
2022049,2022-05-03（二）,02,04,07,18,25,26,10,337463590,1949357745
2022048,2022-05-01（日）,05,07,17,20,26,31,14,357972850,1882359418
2022047,2022-04-28（四）,03,07,08,14,27,30,09,360230056,1833014021
2022046,2022-04-26（二）,02,11,24,25,27,30,14,358743356,1901913181
2022045,2022-04-24（日）,03,12,17,18,19,28,04,389120778,1885303642
2022044,2022-04-21（四）,01,07,08,21,23,29,06,362459788,1872712376
期号,开奖日期,开奖号码(红1),开奖号码(红2),开奖号码(红3),开奖号码(红4),开奖号码(红5),开奖号码(红6),开奖号码(蓝),总销售额,奖池
2022043,2022-04-19（二）,02,17,20,23,25,27,08,350215018,1883060805
2022042,2022-04-17（日）,05,10,11,21,22,30,13,376726628,1885518647
2022041,2022-04-14（四）,05,07,21,22,24,29,14,348280000,1878895566
2022040,2022-04-12（二）,03,12,14,16,31,33,12,343211044,1832633915
2022039,2022-04-10（日）,02,06,07,10,15,20,05,375104494,1873384741
2022038,2022-04-07（四）,09,12,13,16,24,32,04,348860576,1841833878
2022037,2022-04-05（二）,01,10,13,20,22,32,14,332623306,1812767035
2022036,2022-04-03（日）,02,03,14,16,26,31,02,362126634,1760101650
2022035,2022-03-31（四）,08,12,13,19,23,25,15,353577746,1736599330
2022034,2022-03-29（二）,14,17,26,31,32,33,10,361289854,1729816605
2022033,2022-03-27（日）,05,12,19,22,25,26,05,392018786,1724489453
2022032,2022-03-24（四）,04,10,11,14,23,32,07,365937174,1723412804
2022031,2022-03-22（二）,01,10,11,22,26,32,07,353060708,1696267600
2022030,2022-03-20（日）,12,23,24,26,27,30,05,376910184,1797209652
2022029,2022-03-17（四）,03,08,10,13,26,32,08,354275468,1840565291
2022028,2022-03-15（二）,05,11,20,22,23,29,09,359741624,1854403191
2022027,2022-03-13（日）,14,15,18,19,26,32,09,407429120,1850108360
2022026,2022-03-10（四）,03,04,10,15,22,24,02,390646552,1820096321
2022025,2022-03-08（二）,06,19,24,25,28,32,04,380028752,1800801596
2022024,2022-03-06（日）,07,09,10,14,19,24,15,412478136,1733800692
2022023,2022-03-03（四）,07,12,17,19,24,25,02,386299738,1667173674
2022022,2022-03-01（二）,01,07,11,15,17,19,06,374172850,1651680455
2022021,2022-02-27（日）,03,07,22,24,26,31,14,413793268,1653333569
2022020,2022-02-24（四）,09,11,14,22,30,32,01,376104336,1660696455
2022019,2022-02-22（二）,05,06,14,20,21,25,08,374092592,1587422145
2022018,2022-02-20（日）,07,11,16,17,30,32,16,392699896,1612631799
2022017,2022-02-17（四）,06,09,24,29,30,32,07,367332144,1541904440
2022016,2022-02-15（二）,05,10,19,20,29,31,14,370604868,1515799969
2022015,2022-02-13（日）,06,14,16,27,28,31,07,387014176,1541699154
2022014,2022-02-10（四）,06,07,13,14,15,27,04,353937416,1544973715
期号,开奖日期,开奖号码(红1),开奖号码(红2),开奖号码(红3),开奖号码(红4),开奖号码(红5),开奖号码(红6),开奖号码(蓝),总销售额,奖池
2022013,2022-02-08（二）,02,03,04,07,10,18,15,376000418,1526180218
2022012,2022-01-27（四）,04,07,08,29,30,31,01,432967098,1457999052
2022011,2022-01-25（二）,06,15,23,24,25,33,15,379627650,1445932371
2022010,2022-01-23（日）,12,18,19,20,21,32,15,403819420,1396071026
2022009,2022-01-20（四）,04,15,17,19,25,28,16,381172430,1375659920
2022008,2022-01-18（二）,02,03,07,09,20,21,13,377713752,1295623770
2022007,2022-01-16（日）,01,20,22,23,25,28,16,417998504,1254497537
2022006,2022-01-13（四）,03,06,09,15,22,31,02,389820756,1172781808
2022005,2022-01-11（二）,07,10,12,16,19,31,16,388503758,1156142875
2022004,2022-01-09（日）,05,19,24,28,30,32,14,441401912,1091893203
2022003,2022-01-06（四）,02,05,16,17,18,30,06,410382612,1108650848
2022002,2022-01-04（二）,02,12,21,23,25,31,08,408646714,1091513907
2022001,2022-01-02（日）,06,13,15,17,20,21,03,447434510,1079698248
2021150,2021-12-30（四）,09,14,20,21,24,26,04,456402254,1022824601
2021149,2021-12-28（二）,05,10,15,18,19,32,05,425925826,1140585301
2021148,2021-12-26（日）,10,12,15,17,19,20,08,459686850,1117570138
2021147,2021-12-23（四）,05,10,11,13,27,28,09,457370132,1099867308
2021146,2021-12-21（二）,07,09,21,22,26,32,03,480619582,1107375000
2021145,2021-12-19（日）,04,07,10,14,16,26,09,517254362,1064375720
2021144,2021-12-16（四）,02,05,13,15,23,26,07,483556078,1036483149
2021143,2021-12-14（二）,01,09,11,13,20,29,09,475857912,1002138181
2021142,2021-12-12（日）,04,07,17,19,20,24,16,509166454,1142703731
2021141,2021-12-09（四）,01,14,19,23,26,30,10,483132724,1099283201
2021140,2021-12-07（二）,05,10,16,26,27,33,01,479975520,1066087178
2021139,2021-12-05（日）,12,14,19,23,24,27,01,531219172,1090940461
2021138,2021-12-02（四）,11,14,15,16,27,32,09,486491502,1065047563
2021137,2021-11-30（二）,03,07,10,14,21,24,01,474456734,1127353431
2021136,2021-11-28（日）,02,06,09,15,19,28,16,517068910,1148127692
2021135,2021-11-25（四）,03,10,17,19,21,31,04,486663630,1118152404
2021134,2021-11-23（二）,01,02,16,19,25,31,08,472467398,1015069784
期号,开奖日期,开奖号码(红1),开奖号码(红2),开奖号码(红3),开奖号码(红4),开奖号码(红5),开奖号码(红6),开奖号码(蓝),总销售额,奖池
2021133,2021-11-21（日）,01,03,12,19,27,31,10,511607016,994690824
2021132,2021-11-18（四）,01,04,06,14,20,28,08,490071244,973341811
2021131,2021-11-16（二）,08,11,18,19,20,24,01,465860738,957547844
2021130,2021-11-14（日）,08,09,15,24,26,30,06,398037824,914060182
2021129,2021-11-11（四）,04,15,21,27,28,29,10,365299936,929943762
2021128,2021-11-09（二）,05,17,20,21,23,33,04,349441520,920399839
2021127,2021-11-07（日）,07,15,16,20,27,29,07,365976552,877334837
2021126,2021-11-04（四）,19,20,23,27,28,31,01,358964852,877369730
2021125,2021-11-02（二）,14,19,20,23,24,31,09,354978672,846489745
2021124,2021-10-31（日）,01,03,18,22,29,32,02,394848530,823606529
2021123,2021-10-28（四）,06,14,15,19,29,31,05,366471258,798569016
2021122,2021-10-26（二）,04,05,12,15,18,28,07,360872924,771249437
2021121,2021-10-24（日）,04,05,12,16,22,30,15,390361524,751815051
2021120,2021-10-21（四）,01,07,08,12,13,18,05,355518696,734418962
2021119,2021-10-19（二）,03,09,10,11,28,29,13,356935346,904876996
2021118,2021-10-17（日）,02,06,14,18,20,31,13,386079710,923998119
2021117,2021-10-14（四）,03,05,17,21,27,33,04,358589610,896904658
2021116,2021-10-12（二）,06,14,17,18,31,33,06,355338790,897877549
2021115,2021-10-10（日）,02,10,12,15,24,27,08,380172848,851679247
2021114,2021-10-07（四）,04,06,08,14,24,27,02,337378334,837386111
2021113,2021-10-05（二）,04,07,10,22,27,30,02,293434838,783403562
2021112,2021-09-30（四）,05,06,21,25,28,33,07,370338224,797853981
2021111,2021-09-28（二）,17,20,22,23,26,28,06,358360092,883991506
2021110,2021-09-26（日）,10,13,15,24,31,32,02,394569218,850654756
2021109,2021-09-23（四）,02,03,10,17,20,26,16,366715360,810527410
2021108,2021-09-21（二）,11,15,18,24,26,32,09,339998838,781106313
2021107,2021-09-19（日）,02,03,17,19,25,30,01,367139964,758280964
2021106,2021-09-16（四）,01,04,07,14,30,31,03,364122996,738077667
2021105,2021-09-14（二）,10,14,15,22,27,32,09,357292170,712816451
2021104,2021-09-12（日）,01,07,17,20,22,28,15,397369092,708465505
期号,开奖日期,开奖号码(红1),开奖号码(红2),开奖号码(红3),开奖号码(红4),开奖号码(红5),开奖号码(红6),开奖号码(蓝),总销售额,奖池
2021103,2021-09-09（四）,10,13,15,25,29,30,15,369736978,664617126
2021102,2021-09-07（二）,05,09,15,24,27,30,09,357853464,599019763
2021101,2021-09-05（日）,02,04,12,22,29,31,01,393612094,742311198
2021100,2021-09-02（四）,07,09,12,13,14,29,16,364068238,711544497
2021099,2021-08-31（二）,09,11,17,18,20,27,15,353159630,694710436
2021098,2021-08-29（日）,01,10,13,18,26,32,05,390403928,673059288
2021097,2021-08-26（四）,03,11,12,13,25,28,12,355020594,637412452
2021096,2021-08-24（二）,01,07,11,14,15,26,11,349161898,822388985
2021095,2021-08-22（日）,08,12,17,24,27,28,13,384516464,864489999
2021094,2021-08-19（四）,09,11,24,25,28,33,15,353340702,819842497
2021093,2021-08-17（二）,05,11,15,23,28,33,03,346398722,746968208
2021092,2021-08-15（日）,02,07,08,10,12,31,03,382276564,721827132
2021091,2021-08-12（四）,04,06,16,24,26,33,16,352636492,697092670
2021090,2021-08-10（二）,05,06,12,14,27,28,08,340567382,658126685
2021089,2021-08-08（日）,01,02,07,13,23,24,12,378094626,725193394
2021088,2021-08-05（四）,04,12,15,16,19,26,06,339080722,932658139
2021087,2021-08-03（二）,02,13,16,19,23,24,04,335386836,926596691
2021086,2021-08-01（日）,06,08,10,14,28,29,01,363965626,934781421
2021085,2021-07-29（四）,05,06,07,11,14,20,02,343883552,865785162
2021084,2021-07-27（二）,05,07,09,11,21,28,01,338765612,836571971
2021083,2021-07-25（日）,04,09,11,25,28,33,04,367542044,894543509
2021082,2021-07-22（四）,03,06,11,13,26,32,05,344368726,1007589655
2021081,2021-07-20（二）,01,03,05,18,22,23,01,344437194,997378346
2021080,2021-07-18（日）,05,08,22,23,24,29,09,376533622,953249373
2021079,2021-07-15（四）,01,03,10,24,28,29,13,345574370,976221781
2021078,2021-07-13（二）,04,06,15,26,27,31,12,341551308,965580237
2021077,2021-07-11（日）,08,15,17,25,27,30,10,377616968,949366069
2021076,2021-07-08（四）,03,09,21,23,30,32,06,347734992,963078086
2021075,2021-07-06（二）,12,15,16,21,22,29,01,347517338,950267665
2021074,2021-07-04（日）,04,05,09,14,25,27,07,382266836,898477373
期号,开奖日期,开奖号码(红1),开奖号码(红2),开奖号码(红3),开奖号码(红4),开奖号码(红5),开奖号码(红6),开奖号码(蓝),总销售额,奖池
2021073,2021-07-01（四）,01,06,18,22,24,25,08,353932932,936827442
2021072,2021-06-29（二）,01,09,15,16,19,21,15,351515940,906924437
2021071,2021-06-27（日）,01,07,24,31,32,33,08,384399388,850234438
2021070,2021-06-24（四）,01,05,11,15,16,29,15,356032100,840734349
2021069,2021-06-22（二）,06,11,18,20,23,26,05,348547620,805184330
2021068,2021-06-20（日）,04,14,18,24,31,32,15,381950996,784841657
2021067,2021-06-17（四）,01,11,19,23,25,29,09,352986918,749337326
2021066,2021-06-15（二）,02,06,19,26,30,33,15,343529368,738667046
2021065,2021-06-13（日）,01,04,08,19,29,33,16,362527724,753364365
2021064,2021-06-10（四）,04,06,08,15,16,18,16,353338262,688856687
2021063,2021-06-08（二）,04,05,06,09,23,24,09,370142008,647417696
2021062,2021-06-06（日）,12,13,15,20,22,25,10,405763536,727417696
2021061,2021-06-03（四）,04,09,12,18,20,23,01,376779952,694648802
2021060,2021-06-01（二）,10,11,17,20,29,30,15,365484344,644294438
2021059,2021-05-30（日）,01,09,11,18,32,33,14,407754588,618904511
2021058,2021-05-27（四）,09,11,13,18,19,28,14,382666074,520502015
2021057,2021-05-25（二）,05,06,09,17,25,33,16,379559152,478217025
2021056,2021-05-23（日）,08,21,22,23,29,32,01,410076324,444149990
2021055,2021-05-20（四）,03,11,12,16,22,28,10,376647950,425721551
2021054,2021-05-18（二）,07,13,21,22,24,31,02,371689954,526556537
2021053,2021-05-16（日）,07,10,14,16,24,33,16,398009388,473183576
2021052,2021-05-13（四）,03,04,06,19,21,30,14,376039676,413602410
2021051,2021-05-11（二）,08,09,10,19,27,29,15,377624458,335549357
2021050,2021-05-09（日）,02,09,10,16,25,28,08,403433980,336133387
2021049,2021-05-06（四）,04,11,13,22,25,32,01,375111072,409954275
2021048,2021-05-04（二）,04,15,17,22,29,32,03,339198590,346939552
2021047,2021-05-02（日）,03,07,13,16,24,29,01,367123752,291180168
2021046,2021-04-29（四）,05,09,13,21,28,33,06,377425810,255412592
2021045,2021-04-27（二）,01,04,14,15,17,32,02,377279966,326838472
2021044,2021-04-25（日）,05,07,14,17,26,28,13,418973684,295504539
期号,开奖日期,开奖号码(红1),开奖号码(红2),开奖号码(红3),开奖号码(红4),开奖号码(红5),开奖号码(红6),开奖号码(蓝),总销售额,奖池
2021043,2021-04-22（四）,02,03,17,18,23,24,01,389948810,243085282
2021042,2021-04-20（二）,05,09,10,22,25,27,08,382918124,180671046
2021041,2021-04-18（日）,02,09,18,23,26,32,14,415676146,275032108
2021040,2021-04-15（四）,02,06,07,24,28,29,16,385858982,499321280
2021039,2021-04-13（二）,02,08,21,24,29,31,13,377513042,469061553
2021038,2021-04-11（日）,05,07,09,16,18,27,06,401665288,449879238
2021037,2021-04-08（四）,13,17,19,24,26,30,12,374416372,565649555
2021036,2021-04-06（二）,01,02,06,11,21,26,11,365524430,545659537
2021035,2021-04-04（日）,12,14,18,20,26,28,11,382205894,549868285
2021034,2021-04-01（四）,04,10,12,18,23,25,01,377894218,530109002
2021033,2021-03-30（二）,02,12,13,14,31,33,06,378842354,502137377
2021032,2021-03-28（日）,01,05,08,15,16,30,03,421020572,479350693
2021031,2021-03-25（四）,06,11,21,25,28,31,07,389664660,474102879
2021030,2021-03-23（二）,08,09,13,27,29,31,05,388490602,502740835
2021029,2021-03-21（日）,08,10,15,17,22,30,12,413514858,475507497
2021028,2021-03-18（四）,11,16,23,26,27,33,05,387583114,527018817
2021027,2021-03-16（二）,05,07,09,16,20,26,08,371997822,515170584
2021026,2021-03-14（日）,03,05,13,19,20,25,03,415303494,608709487
2021025,2021-03-11（四）,06,08,14,17,18,30,11,370761350,962516400
2021024,2021-03-09（二）,01,04,06,10,11,18,02,360465214,936474051
2021023,2021-03-07（日）,02,21,22,23,27,28,11,397987234,903402709
2021022,2021-03-04（四）,10,15,17,25,31,32,06,361605820,871216452
2021021,2021-03-02（二）,04,08,17,24,28,33,13,350734702,834097039
2021020,2021-02-28（日）,01,03,06,07,09,11,02,385685036,877930510
2021019,2021-02-25（四）,12,16,17,24,28,29,08,351320330,916231105
2021018,2021-02-23（二）,02,08,14,23,25,32,06,352299530,924046536
2021017,2021-02-21（日）,09,15,18,29,32,33,02,442443732,879807720
2021016,2021-02-07（日）,03,08,09,13,15,18,10,447622614,844483666
2021015,2021-02-04（四）,06,14,16,26,28,29,07,373264066,874580915
2021014,2021-02-02（二）,04,15,21,25,29,33,06,365029152,860487095
期号,开奖日期,开奖号码(红1),开奖号码(红2),开奖号码(红3),开奖号码(红4),开奖号码(红5),开奖号码(红6),开奖号码(蓝),总销售额,奖池
2021013,2021-01-31（日）,06,09,12,16,27,31,06,403024326,812490648
2021012,2021-01-28（四）,03,06,14,18,20,26,01,365486356,862128803
2021011,2021-01-26（二）,05,10,16,23,27,33,14,358439884,907192691
2021010,2021-01-24（日）,01,04,11,19,32,33,05,394795416,976145268
2021009,2021-01-21（四）,02,04,07,24,25,32,13,367324734,952228282
2021008,2021-01-19（二）,01,05,07,14,18,33,07,358122646,906339544
2021007,2021-01-17（日）,02,04,12,21,25,32,16,389232822,885330100
2021006,2021-01-14（四）,06,08,22,24,25,26,01,367900704,822318331
2021005,2021-01-12（二）,07,09,14,26,30,31,04,359757108,806944718
2021004,2021-01-10（日）,02,03,07,08,17,22,15,396531778,824817771
2021003,2021-01-07（四）,06,09,16,18,22,29,11,360514540,753939585
2021002,2021-01-05（二）,06,10,13,25,26,32,11,374374440,718352017
2021001,2021-01-03（日）,02,03,13,18,20,31,11,411170524,710439245
2020134,2020-12-31（四）,02,09,10,20,22,26,01,399565532,704501324
2020133,2020-12-29（二）,03,19,22,23,27,29,07,370330222,893973468
2020132,2020-12-27（日）,01,04,11,12,14,23,04,425174496,839661890
2020131,2020-12-24（四）,08,19,22,26,27,30,07,394370394,791358796
2020130,2020-12-22（二）,08,09,11,14,17,29,16,405085034,793700272
2020129,2020-12-20（日）,01,02,05,15,28,33,04,428354318,786807887
2020128,2020-12-17（四）,08,10,15,16,23,26,10,395094864,794699858
2020127,2020-12-15（二）,01,04,18,19,26,31,07,385288238,824075658
2020126,2020-12-13（日）,03,07,12,14,23,28,11,423827948,823570698
2020125,2020-12-10（四）,05,12,16,26,30,31,13,403248064,942641447
2020124,2020-12-08（二）,16,18,19,20,29,33,12,394367604,916453174
2020123,2020-12-06（日）,01,03,18,19,26,29,03,442277628,869247735
2020122,2020-12-03（四）,12,15,17,24,26,31,15,416050434,810048147
2020121,2020-12-01（二）,02,04,06,21,25,29,03,425615038,777556587
2020120,2020-11-29（日）,01,02,03,04,09,10,12,470788664,738529199
2020119,2020-11-26（四）,01,09,22,28,32,33,15,432978556,837777744
2020118,2020-11-24（二）,11,13,19,26,30,33,05,419968358,835737606
期号,开奖日期,开奖号码(红1),开奖号码(红2),开奖号码(红3),开奖号码(红4),开奖号码(红5),开奖号码(红6),开奖号码(蓝),总销售额,奖池
2020117,2020-11-22（日）,07,08,09,10,16,27,07,460145954,785993086
2020116,2020-11-19（四）,05,06,14,16,19,27,10,434234564,841135768
2020115,2020-11-17（二）,01,04,12,20,25,32,02,435736254,837138988
2020114,2020-11-15（日）,01,05,11,24,30,32,03,476450128,757446327
2020113,2020-11-12（四）,01,03,07,10,22,32,11,436471868,772385388
2020112,2020-11-10（二）,02,09,12,17,28,32,05,426910448,802000209
2020111,2020-11-08（日）,06,09,17,22,24,26,16,459469274,808174858
2020110,2020-11-05（四）,02,06,09,14,22,25,04,365150166,721987721
2020109,2020-11-03（二）,06,13,16,20,23,32,13,358593188,723801259
2020108,2020-11-01（日）,10,12,15,17,23,32,05,398129794,793968638
2020107,2020-10-29（四）,03,09,11,24,25,28,16,372099740,835776030
2020106,2020-10-27（二）,02,04,11,15,18,28,10,362151946,802335158
2020105,2020-10-25（日）,06,14,19,20,22,24,01,399513718,837418291
2020104,2020-10-22（四）,04,08,10,16,27,29,09,371069028,806356097
2020103,2020-10-20（二）,04,09,10,22,28,32,08,363566614,812186919
2020102,2020-10-18（日）,09,10,19,25,26,29,08,385810668,837068374
2020101,2020-10-15（四）,10,17,24,25,28,30,15,360073112,1196363693
2020100,2020-10-13（二）,01,07,15,16,20,23,07,352785364,1167865459
2020099,2020-10-11（日）,05,06,11,12,15,30,12,390640850,1181200651
2020098,2020-10-08（四）,06,08,11,22,25,33,02,347585130,1171889114
2020097,2020-10-06（二）,02,08,21,25,26,30,10,352372566,1147656700
2020096,2020-09-29（二）,01,20,23,26,27,32,15,356787262,1228050661
2020095,2020-09-27（日）,03,09,16,17,20,26,02,387062108,1197849256
2020094,2020-09-24（四）,10,15,17,27,29,31,08,357043412,1182554395
2020093,2020-09-22（二）,04,05,10,13,15,19,15,364874692,1159982996
2020092,2020-09-20（日）,01,06,12,18,22,24,03,394714558,1113718036
2020091,2020-09-17（四）,01,09,11,12,16,19,16,362307424,1088865952
2020090,2020-09-15（二）,02,21,23,26,31,32,06,357200726,1090266240
2020089,2020-09-13（日）,02,14,16,21,29,30,10,388734662,1061368833
2020088,2020-09-10（四）,01,06,12,26,29,30,12,359763320,1049789346
期号,开奖日期,开奖号码(红1),开奖号码(红2),开奖号码(红3),开奖号码(红4),开奖号码(红5),开奖号码(红6),开奖号码(蓝),总销售额,奖池
2020087,2020-09-08（二）,11,15,20,23,25,33,10,351393474,1066743130
2020086,2020-09-06（日）,02,04,06,15,24,27,06,383150704,1051310454
2020085,2020-09-03（四）,01,02,05,09,19,24,16,349243256,1039096893
2020084,2020-09-01（二）,03,07,16,17,23,30,07,340223360,997837500
2020083,2020-08-30（日）,01,19,25,26,30,31,12,375628538,1046377044
2020082,2020-08-27（四）,02,08,11,17,21,30,09,339738944,1025240399
2020081,2020-08-25（二）,01,05,13,14,27,33,15,341884184,1129524256
2020080,2020-08-23（日）,14,15,18,22,31,33,01,375199530,1122276717
2020079,2020-08-20（四）,05,12,20,21,22,29,14,347031342,1058784536
2020078,2020-08-18（二）,03,11,14,16,21,32,04,339766446,1029746619
2020077,2020-08-16（日）,03,10,16,21,25,27,12,376430570,960537693
2020076,2020-08-13（四）,10,15,16,18,20,27,06,346015916,1033084399
2020075,2020-08-11（二）,03,11,13,20,24,30,16,342593198,1031374526
2020074,2020-08-09（日）,04,08,09,13,19,33,12,375478220,974585503
2020073,2020-08-06（四）,05,07,11,13,27,29,03,344984126,949682723
2020072,2020-08-04（二）,06,08,10,15,17,26,04,335806408,945569865
2020071,2020-08-02（日）,09,11,12,13,22,23,08,363190440,931954524
2020070,2020-07-30（四）,01,02,04,06,19,21,15,343442594,953784945
2020069,2020-07-28（二）,03,09,10,13,18,26,04,343151528,1016346427
2020068,2020-07-26（日）,12,16,21,26,27,32,10,376630286,996910195
2020067,2020-07-23（四）,04,07,09,23,27,30,08,353153516,1061790227
2020066,2020-07-21（二）,02,09,13,17,26,28,07,352149702,1057341835
2020065,2020-07-19（日）,09,15,18,21,23,26,08,381062334,1090832907
2020064,2020-07-16（四）,01,03,07,21,27,32,01,356057386,1063056063
2020063,2020-07-14（二）,12,15,16,22,29,32,14,357076054,991892696
2020062,2020-07-12（日）,10,14,17,22,26,27,05,391827962,932509919
2020061,2020-07-09（四）,08,17,24,26,27,31,04,366447904,903858043
2020060,2020-07-07（二）,05,09,14,20,24,30,08,356937202,837071557
2020059,2020-07-05（日）,02,04,10,17,22,25,14,386807160,1002178704
2020058,2020-07-02（四）,01,03,11,12,19,26,07,356052050,958212978
期号,开奖日期,开奖号码(红1),开奖号码(红2),开奖号码(红3),开奖号码(红4),开奖号码(红5),开奖号码(红6),开奖号码(蓝),总销售额,奖池
2020057,2020-06-30（二）,09,14,21,23,26,32,03,349147892,1019998705
2020056,2020-06-28（日）,02,05,08,12,26,31,14,380233782,984522456
2020055,2020-06-25（四）,01,05,07,23,28,30,12,327140694,1009674637
2020054,2020-06-23（二）,03,10,19,25,26,31,02,338817016,1050374135
2020053,2020-06-21（日）,02,14,15,16,32,33,01,381666534,1057074616
2020052,2020-06-18（四）,02,08,13,29,32,33,15,352815504,1085336824
2020051,2020-06-16（二）,03,06,08,11,19,28,08,342968302,1014976572
2020050,2020-06-14（日）,04,09,17,20,32,33,15,379409292,1101983169
2020049,2020-06-11（四）,01,07,09,12,18,22,04,355402476,1062851807
2020048,2020-06-09（二）,12,14,18,23,30,32,02,351604616,1046798674
2020047,2020-06-07（日）,04,10,17,19,28,32,01,382084220,1021279165
2020046,2020-06-04（四）,13,19,25,26,27,32,08,350122868,1010760962
2020045,2020-06-02（二）,02,03,15,21,22,33,16,348295556,1010042406
2020044,2020-05-31（日）,07,08,16,17,19,24,07,379328476,1042719025
2020043,2020-05-28（四）,01,11,24,25,27,30,07,360394276,1043134035
2020042,2020-05-26（二）,02,06,07,11,14,31,03,345472844,1027873219
2020041,2020-05-24（日）,06,07,16,22,24,25,13,372422582,1005915378
2020040,2020-05-21（四）,01,06,12,16,19,21,04,341533118,947818891
2020039,2020-05-19（二）,02,09,10,11,16,29,02,341609556,925841149
2020038,2020-05-17（日）,01,06,07,18,23,24,15,374760420,922526038
2020037,2020-05-14（四）,01,04,11,13,17,24,15,350126486,944864355
2020036,2020-05-12（二）,07,09,16,22,24,32,06,346455736,944994783
2020035,2020-05-10（日）,10,14,24,25,28,33,11,371811232,911288358
2020034,2020-05-07（四）,02,08,15,16,26,32,03,340793680,878740204
2020033,2020-05-05（二）,07,10,12,21,31,32,01,320555362,879873846
2020032,2020-05-03（日）,03,11,13,14,15,26,13,338904002,843200936
2020031,2020-04-30（四）,02,05,09,15,16,27,09,323903392,850135149
2020030,2020-04-28（二）,17,18,21,29,30,32,03,327786632,896891829
2020029,2020-04-26（日）,01,12,18,20,30,32,05,364268814,835276431
2020028,2020-04-23（四）,05,06,15,18,26,32,08,323795596,823449380
期号,开奖日期,开奖号码(红1),开奖号码(红2),开奖号码(红3),开奖号码(红4),开奖号码(红5),开奖号码(红6),开奖号码(蓝),总销售额,奖池
2020027,2020-04-21（二）,12,13,14,24,25,28,06,324196702,810989197
2020026,2020-04-19（日）,01,04,09,18,19,31,06,349633986,769853394
2020025,2020-04-16（四）,01,09,10,15,20,29,02,321611812,742200788
2020024,2020-04-14（二）,10,13,27,28,29,31,08,317568426,707451262
2020023,2020-04-12（日）,04,05,20,21,30,33,08,340318270,702813893
2020022,2020-04-09（四）,02,10,20,22,25,30,02,311416184,695229480
2020021,2020-04-07（二）,02,06,14,16,27,31,07,296655800,696474938
2020020,2020-04-05（日）,01,06,09,13,15,22,14,310764432,685979970
2020019,2020-04-02（四）,15,19,27,28,30,33,03,293920314,652393178
2020018,2020-03-31（二）,05,07,08,11,17,22,13,287194532,640479172
2020017,2020-03-29（日）,02,04,07,15,20,27,04,295712918,650980126
2020016,2020-03-26（四）,05,06,08,17,24,27,07,260860736,685053744
2020015,2020-03-24（二）,08,09,22,24,30,33,01,255551054,712719613
2020014,2020-03-22（日）,02,07,08,10,12,16,07,261933168,661997100
2020013,2020-03-19（四）,02,08,10,20,21,30,14,215545590,660220960
2020012,2020-03-17（二）,04,13,14,23,26,31,09,198501652,652719440
2020011,2020-03-15（日）,04,05,07,17,18,29,01,176331724,638032121
2020010,2020-03-12（四）,11,14,22,27,31,32,09,142522854,654279153
2020009,2020-01-21（二）,03,06,08,14,19,26,12,405733380,645107708
2020008,2020-01-19（日）,01,04,06,10,11,28,16,395048088,680964320
2020007,2020-01-16（四）,05,12,17,20,25,31,10,358035962,709741377
2020006,2020-01-14（二）,03,04,05,10,16,32,09,361697316,860929224
2020005,2020-01-12（日）,11,16,17,22,26,32,04,400642476,920486146
2020004,2020-01-09（四）,02,15,17,27,32,33,03,370826158,906654598
2020003,2020-01-07（二）,09,17,26,29,30,32,03,368960938,885816521
2020002,2020-01-05（日）,04,09,14,15,16,29,11,410784878,911355134
2020001,2020-01-02（四）,02,15,23,26,29,30,02,388311860,939054504
2019151,2019-12-31（二）,02,06,09,18,24,26,14,405999712,885545850
2019150,2019-12-29（日）,02,09,14,22,27,29,02,424037140,855139985
2019149,2019-12-26（四）,01,06,27,28,31,33,07,401837358,836506504
期号,开奖日期,开奖号码(红1),开奖号码(红2),开奖号码(红3),开奖号码(红4),开奖号码(红5),开奖号码(红6),开奖号码(蓝),总销售额,奖池
2019148,2019-12-24（二）,09,10,13,20,26,27,08,412835082,870667904
2019147,2019-12-22（日）,01,09,12,14,23,27,12,428843148,1035973571
2019146,2019-12-19（四）,01,04,10,12,30,32,14,400822952,1030878448
2019145,2019-12-17（二）,01,08,13,17,18,19,16,404721396,969648184
2019144,2019-12-15（日）,02,12,15,19,27,30,03,448943976,991024359
2019143,2019-12-12（四）,05,13,15,16,26,32,09,421054466,986249870
2019142,2019-12-10（二）,08,14,24,27,29,33,09,429455474,998995951
2019141,2019-12-08（日）,10,13,14,15,17,33,14,466103236,1042760527
2019140,2019-12-05（四）,02,04,09,11,14,22,05,421874374,966423413
2019139,2019-12-03（二）,08,14,20,23,30,33,11,420684332,1043301115
2019138,2019-12-01（日）,02,06,12,30,31,32,11,455574142,986542917
2019137,2019-11-28（四）,07,10,13,19,23,31,06,414318454,1015204480
2019136,2019-11-26（二）,12,14,15,17,29,33,12,411048748,1105571297
2019135,2019-11-24（日）,03,06,10,11,27,33,03,448749008,1086229996
2019134,2019-11-21（四）,01,04,06,22,29,30,03,424644500,1027388308
2019133,2019-11-19（二）,03,07,16,21,24,31,07,412973230,997265432
2019132,2019-11-17（日）,04,06,11,14,19,33,07,443878462,981615374
2019131,2019-11-14（四）,09,17,19,20,24,31,04,413548024,955790186
2019130,2019-11-12（二）,01,07,09,11,24,32,16,418172282,951230446
2019129,2019-11-10（日）,03,04,07,09,15,26,07,442669038,952320130
2019128,2019-11-07（四）,03,08,12,16,17,19,08,342336168,1008312621
2019127,2019-11-05（二）,02,06,07,12,17,24,10,338393664,1027292513
2019126,2019-11-03（日）,02,14,17,29,32,33,16,369776508,1062273688
2019125,2019-10-31（四）,02,11,12,26,27,29,03,342491160,1054933143
2019124,2019-10-29（二）,04,09,30,31,32,33,01,337939626,1042703541
2019123,2019-10-27（日）,02,06,08,17,28,30,06,360609038,1067428638
2019122,2019-10-24（四）,04,10,15,19,21,23,02,334989390,1131287397
2019121,2019-10-22（二）,02,06,15,21,30,31,02,334748934,1091862134
2019120,2019-10-20（日）,10,12,27,31,32,33,03,361613906,1117954087
2019119,2019-10-17（四）,04,20,22,24,26,33,07,332545590,1089354655
期号,开奖日期,开奖号码(红1),开奖号码(红2),开奖号码(红3),开奖号码(红4),开奖号码(红5),开奖号码(红6),开奖号码(蓝),总销售额,奖池
2019118,2019-10-15（二）,12,14,15,25,28,31,04,329400746,1105685807
2019117,2019-10-13（日）,03,05,11,28,32,33,01,358734764,1085958852
2019116,2019-10-10（四）,01,08,09,13,16,33,01,336502106,1047187205
2019115,2019-10-08（二）,04,10,11,14,15,29,05,354033692,1023230427
2019114,2019-09-29（日）,02,04,09,11,12,30,01,372847052,1016450569
2019113,2019-09-26（四）,01,05,19,21,25,33,15,339648916,966030310
2019112,2019-09-24（二）,03,12,14,17,23,27,01,335430712,939911612
2019111,2019-09-22（日）,07,18,20,22,24,33,01,371095278,907833069
2019110,2019-09-19（四）,01,18,22,26,27,28,08,345297696,869553104
2019109,2019-09-17（二）,03,06,07,17,28,31,10,339057352,862636404
2019108,2019-09-15（日）,07,13,19,22,25,32,13,361553454,842165456
2019107,2019-09-12（四）,02,06,08,23,27,32,02,326852234,856645293
2019106,2019-09-10（二）,02,14,22,27,30,33,14,330410652,799590658
2019105,2019-09-08（日）,02,13,15,17,26,33,01,365092568,754476375
2019104,2019-09-05（四）,01,05,16,17,18,24,10,336503558,727332881
2019103,2019-09-03（二）,04,12,14,21,27,29,12,334444954,726754909
2019102,2019-09-01（日）,03,08,12,16,20,32,12,365310214,665286304
2019101,2019-08-29（四）,01,04,09,21,31,33,05,336008906,716370043
2019100,2019-08-27（二）,01,04,12,13,30,32,08,334319180,720116287
2019099,2019-08-25（日）,07,14,22,23,27,30,08,355328056,667283924
2019098,2019-08-22（四）,03,11,12,14,17,26,09,334187522,759762439
2019097,2019-08-20（二）,03,05,18,24,25,31,09,328319954,729874065
2019096,2019-08-18（日）,05,07,12,18,27,32,11,355103324,720969696
2019095,2019-08-15（四）,02,05,14,19,21,28,01,327102912,908224516
2019094,2019-08-13（二）,05,10,12,18,19,27,06,318739184,870773310
2019093,2019-08-11（日）,05,07,08,09,20,22,02,343851622,870686214
2019092,2019-08-08（四）,09,17,27,28,32,33,08,325113036,961868391
2019091,2019-08-06（二）,07,10,21,24,29,32,11,321773688,965901226
2019090,2019-08-04（日）,02,03,06,08,14,22,04,355808718,912434874
2019089,2019-08-01（四）,02,04,14,16,20,22,11,321183320,851666935
期号,开奖日期,开奖号码(红1),开奖号码(红2),开奖号码(红3),开奖号码(红4),开奖号码(红5),开奖号码(红6),开奖号码(蓝),总销售额,奖池
2019088,2019-07-30（二）,13,14,15,21,23,29,13,320442344,848907760
2019087,2019-07-28（日）,04,05,07,09,21,30,04,348495228,904387916
2019086,2019-07-25（四）,16,22,24,26,28,31,06,318423888,868561562
2019085,2019-07-23（二）,01,04,14,18,24,29,04,322387974,882276151
2019084,2019-07-21（日）,04,08,14,18,20,27,03,356282880,892130280
2019083,2019-07-18（四）,06,15,17,26,28,31,03,329029762,926738145
2019082,2019-07-16（二）,07,16,19,22,24,28,02,328221990,927370251
2019081,2019-07-14（日）,05,24,27,29,31,32,10,359862504,907395563
2019080,2019-07-11（四）,03,06,08,20,24,32,07,333601616,878626031
2019079,2019-07-09（二）,01,03,06,09,19,31,16,324952306,884700186
2019078,2019-07-07（日）,01,17,27,29,31,33,12,358699764,911692755
2019077,2019-07-04（四）,09,11,13,18,21,22,15,331156004,928983242
2019076,2019-07-02（二）,12,15,19,20,29,32,14,327737064,860745165
2019075,2019-06-30（日）,05,08,20,22,31,33,03,356452390,825389586
2019074,2019-06-27（四）,12,21,27,29,31,33,04,339313032,777279978
2019073,2019-06-25（二）,01,02,06,12,16,18,08,334373706,731798593
2019072,2019-06-23（日）,02,09,13,15,22,30,15,366310328,784809688
2019071,2019-06-20（四）,01,08,19,24,29,30,04,338921834,779942491
2019070,2019-06-18（二）,06,15,18,19,24,32,09,335727814,839590047
2019069,2019-06-16（日）,06,11,16,19,21,25,01,370103190,813208375
2019068,2019-06-13（四）,03,14,20,24,26,33,10,331635522,802934315
2019067,2019-06-11（二）,04,06,08,11,30,33,11,330381956,781887228
2019066,2019-06-09（日）,01,14,17,20,22,32,04,354505682,765994853
2019065,2019-06-06（四）,06,09,11,15,20,26,10,327400036,737867862
2019064,2019-06-04（二）,12,20,24,25,30,33,12,331639006,743421022
2019063,2019-06-02（日）,01,14,19,22,29,31,16,361222550,718713061
2019062,2019-05-30（四）,07,13,16,23,26,30,01,339468976,684734277
2019061,2019-05-28（二）,03,17,19,24,27,31,12,335296666,655425812
2019060,2019-05-26（日）,03,04,14,20,23,27,01,367103342,628604946
2019059,2019-05-23（四）,04,05,07,09,16,18,06,345567246,561383166
期号,开奖日期,开奖号码(红1),开奖号码(红2),开奖号码(红3),开奖号码(红4),开奖号码(红5),开奖号码(红6),开奖号码(蓝),总销售额,奖池
2019058,2019-05-21（二）,07,08,12,21,23,27,12,339299672,520571254
2019057,2019-05-19（日）,04,05,06,08,13,18,16,372560948,606231938
2019056,2019-05-16（四）,13,14,17,19,21,29,01,351267630,579319269
2019055,2019-05-14（二）,01,06,11,15,19,31,10,350070872,531777347
2019054,2019-05-12（日）,07,10,11,15,24,26,11,376075414,484344441
2019053,2019-05-09（四）,04,16,22,25,29,31,08,345533966,486040155
2019052,2019-05-07（二）,03,06,09,13,16,19,16,342251970,514041918
2019051,2019-05-05（日）,08,09,10,13,15,28,09,371316762,1229559631
2019050,2019-05-02（四）,04,06,10,11,21,23,02,311858860,1276546288
2019049,2019-04-30（二）,03,10,13,22,23,28,15,333775314,1300906020
2019048,2019-04-28（日）,03,07,10,12,18,29,10,379210874,1307482004
2019047,2019-04-25（四）,03,11,18,25,30,33,14,349665886,1297945208
2019046,2019-04-23（二）,02,12,16,22,25,32,06,349236650,1227436396
2019045,2019-04-21（日）,01,06,17,19,27,31,14,380577960,1272816559
2019044,2019-04-18（四）,06,14,16,17,23,29,07,350579948,1246753637
2019043,2019-04-16（二）,01,06,12,13,24,32,13,345296562,1275191954
2019042,2019-04-14（日）,15,17,19,22,25,26,04,376134240,1220955571
2019041,2019-04-11（四）,02,09,13,23,24,26,16,347145834,1183587505
2019040,2019-04-09（二）,05,06,09,18,23,31,11,335974062,1118623191
2019039,2019-04-07（日）,06,07,11,14,27,32,08,363128750,1122075950
2019038,2019-04-04（四）,09,12,21,27,29,30,05,335328036,1138999919
2019037,2019-04-02（二）,01,07,12,14,18,25,10,344923376,1154793537
2019036,2019-03-31（日）,02,10,13,16,23,32,08,383547756,1164805979
2019035,2019-03-28（四）,01,05,07,09,10,20,16,354951028,1269805979
2019034,2019-03-26（二）,09,11,15,22,24,26,03,354652922,1263277472
2019033,2019-03-24（日）,09,15,19,21,23,29,15,385168218,1259439534
2019032,2019-03-21（四）,04,08,09,13,28,33,04,353034100,1308932812
2019031,2019-03-19（二）,03,13,15,18,21,33,16,358344316,1276420305
2019030,2019-03-17（日）,04,05,07,10,12,22,16,392415448,1240512761
2019029,2019-03-14（四）,08,11,17,23,32,33,10,358515950,1269306832
期号,开奖日期,开奖号码(红1),开奖号码(红2),开奖号码(红3),开奖号码(红4),开奖号码(红5),开奖号码(红6),开奖号码(蓝),总销售额,奖池
2019028,2019-03-12（二）,04,19,22,26,29,30,11,356878622,1244140628
2019027,2019-03-10（日）,02,06,08,10,11,17,13,393236612,1257385558
2019026,2019-03-07（四）,03,13,15,19,20,27,14,349411720,1242805065
2019025,2019-03-05（二）,15,16,21,27,30,33,04,345714892,1246342879
2019024,2019-03-03（日）,01,08,23,25,28,29,10,384117562,1209747493
2019023,2019-02-28（四）,01,10,14,15,18,31,13,353488994,1207046316
2019022,2019-02-26（二）,03,07,11,21,30,33,07,338829860,1233143388
2019021,2019-02-24（日）,02,05,07,08,20,27,04,370839306,1301850849
2019020,2019-02-21（四）,02,12,13,23,27,28,12,330603914,1268982145
2019019,2019-02-19（二）,03,11,17,18,24,25,06,326400930,1285383840
2019018,2019-02-17（日）,04,11,18,19,26,32,04,349743310,1370346090
2019017,2019-02-14（四）,04,05,24,28,30,33,09,312764888,1355934705
2019016,2019-02-12（二）,05,07,09,11,19,25,05,314659700,1334598348
2019015,2019-02-03（日）,11,15,16,20,24,31,04,386508326,1352193873
2019014,2019-01-31（四）,01,02,03,14,19,33,03,327526362,1364355844
2019013,2019-01-29（二）,05,07,14,16,18,21,01,332648408,1347698265
2019012,2019-01-27（日）,07,10,21,23,31,33,14,370443836,1303808580
2019011,2019-01-24（四）,10,13,19,21,24,30,07,340431350,1245829570
2019010,2019-01-22（二）,02,04,05,08,11,30,02,336769874,1223708496
2019009,2019-01-20（日）,01,07,10,22,31,32,15,376873348,1267633646
2019008,2019-01-17（四）,02,06,09,13,28,32,12,342498692,1255320435
2019007,2019-01-15（二）,06,10,14,15,19,23,15,340543166,1223439184
2019006,2019-01-13（日）,01,05,10,19,26,28,12,375825296,1211353738
2019005,2019-01-10（四）,21,22,26,28,31,32,07,343365078,1326043660
2019004,2019-01-08（二）,08,12,16,19,26,32,03,338080388,1346750738
2019003,2019-01-06（日）,13,17,20,21,22,27,01,373728002,1333321882
2019002,2019-01-03（四）,04,05,06,08,09,18,11,345144344,1294586730
2019001,2019-01-01（二）,06,10,13,15,32,33,15,341453440,1283324272
2018153,2018-12-30（日）,01,07,17,23,25,31,11,363663410,1289528301
2018152,2018-12-27（四）,04,14,16,23,28,29,03,342935808,1247608325
期号,开奖日期,开奖号码(红1),开奖号码(红2),开奖号码(红3),开奖号码(红4),开奖号码(红5),开奖号码(红6),开奖号码(蓝),总销售额,奖池
2018151,2018-12-25（二）,05,15,19,25,26,29,15,345353380,1321227399
2018150,2018-12-23（日）,06,08,15,19,20,31,05,377320206,1289430060
2018149,2018-12-20（四）,01,07,08,10,12,24,01,353364860,1312652452
2018148,2018-12-18（二）,03,06,18,19,21,31,01,346743178,1315102044
2018147,2018-12-16（日）,03,15,17,23,27,30,11,378419434,1319726677
2018146,2018-12-13（四）,02,10,11,17,18,29,16,345409226,1317986374
2018145,2018-12-11（二）,03,09,13,22,23,25,06,349376292,1333080271
2018144,2018-12-09（日）,08,13,17,18,20,27,13,387956028,1403504611
2018143,2018-12-06（四）,04,06,15,28,32,33,14,373157016,1328627871
2018142,2018-12-04（二）,05,08,10,11,27,28,11,390581690,1343493083
2018141,2018-12-02（日）,11,14,16,18,24,33,04,416166816,1385805866
2018140,2018-11-29（四）,01,15,20,22,25,28,14,386006162,1320037180
2018139,2018-11-27（二）,11,18,20,23,31,32,15,380559364,1221766906
2018138,2018-11-25（日）,01,10,25,27,30,32,09,412013682,1213413511
2018137,2018-11-22（四）,03,05,11,15,20,23,09,379485292,1152259559
2018136,2018-11-20（二）,10,12,15,25,26,27,14,377111910,1166942493
2018135,2018-11-18（日）,01,03,06,10,11,29,16,406719454,1138385085
2018134,2018-11-15（四）,03,16,18,31,32,33,12,377767366,1084959009
2018133,2018-11-13（二）,02,04,11,12,18,32,13,374106026,1084505788
2018132,2018-11-11（日）,01,02,09,10,15,22,06,408709916,1043966776
2018131,2018-11-08（四）,21,22,24,31,32,33,01,383809176,1050270214
2018130,2018-11-06（二）,05,12,17,18,24,28,12,374274632,978511798
2018129,2018-11-04（日）,02,04,06,16,18,19,16,418290398,1013358099
2018128,2018-11-01（四）,06,07,08,19,22,23,02,388471822,976588973
2018127,2018-10-30（二）,02,05,06,07,11,15,12,383266268,964241444
2018126,2018-10-28（日）,01,06,08,09,14,22,05,415778246,978656335
2018125,2018-10-25（四）,03,10,11,14,15,32,02,391293382,961703467
2018124,2018-10-23（二）,09,13,14,19,22,25,02,378069006,894677451
2018123,2018-10-21（日）,13,21,24,27,31,32,01,410429482,867467741
2018122,2018-10-18（四）,05,07,20,22,30,32,10,327644802,827873755
期号,开奖日期,开奖号码(红1),开奖号码(红2),开奖号码(红3),开奖号码(红4),开奖号码(红5),开奖号码(红6),开奖号码(蓝),总销售额,奖池
2018121,2018-10-16（二）,06,08,14,19,23,25,11,321305376,962509317
2018120,2018-10-14（日）,03,04,18,26,27,33,01,357215818,973089335
2018119,2018-10-11（四）,03,13,14,16,25,27,12,328321394,935364310
2018118,2018-10-09（二）,08,12,21,22,27,31,09,322015414,956670540
2018117,2018-10-07（日）,08,11,15,17,23,25,05,340052040,954956874
2018116,2018-10-04（四）,05,14,17,22,23,28,15,281786404,938345496
2018115,2018-10-02（二）,01,13,19,24,26,29,11,273986534,1121020227
2018114,2018-09-30（日）,01,07,15,16,20,27,14,336072030,1092970758
2018113,2018-09-27（四）,01,06,09,16,25,26,09,314160394,1073781687
2018112,2018-09-25（二）,05,08,18,25,26,31,04,302328982,1101702921
2018111,2018-09-23（日）,01,07,14,24,25,28,08,320180512,1123718442
2018110,2018-09-20（四）,11,13,16,21,22,23,02,307066624,1161612266
2018109,2018-09-18（二）,10,11,18,23,31,33,15,306989720,1104585752
2018108,2018-09-16（日）,05,13,18,21,26,30,02,322147946,1088482714
2018107,2018-09-13（四）,01,02,05,12,20,22,01,317508712,1146472338
2018106,2018-09-11（二）,04,18,19,24,25,26,10,312096980,1119736168
2018105,2018-09-09（日）,04,05,13,18,19,25,01,343324268,1102004192
2018104,2018-09-06（四）,02,03,06,19,25,29,01,312637426,1128194345
2018103,2018-09-04（二）,02,09,15,22,23,24,16,314574584,1103208722
2018102,2018-09-02（日）,02,06,11,19,21,28,05,340812198,1085333716
2018101,2018-08-30（四）,01,03,14,26,29,33,09,308676480,1062181270
2018100,2018-08-28（二）,02,11,14,15,29,33,02,309533260,1047796176
2018099,2018-08-26（日）,03,07,08,14,25,32,06,339383254,1013742168
2018098,2018-08-23（四）,06,10,11,20,29,32,13,314746902,1037348433
2018097,2018-08-21（二）,01,02,17,20,25,28,13,313501772,1024508131
2018096,2018-08-19（日）,01,05,09,20,28,32,12,338691852,965286126
2018095,2018-08-16（四）,10,11,12,21,26,33,09,320539494,1045113520
2018094,2018-08-14（二）,04,07,16,20,24,30,05,314204036,1023528004
2018093,2018-08-12（日）,04,18,20,21,29,33,07,341609166,962368068
2018092,2018-08-09（四）,06,10,16,19,24,33,16,318819890,921043817
期号,开奖日期,开奖号码(红1),开奖号码(红2),开奖号码(红3),开奖号码(红4),开奖号码(红5),开奖号码(红6),开奖号码(蓝),总销售额,奖池
2018091,2018-08-07（二）,06,11,13,17,25,32,07,315853082,854322188
2018090,2018-08-05（日）,01,02,04,10,14,23,07,340370390,830323212
2018089,2018-08-02（四）,06,09,12,14,18,27,14,312432712,864705795
2018088,2018-07-31（二）,03,05,12,29,30,32,14,315199378,832943120
2018087,2018-07-29（日）,01,05,10,16,18,31,03,348603358,821914596
2018086,2018-07-26（四）,02,07,17,21,23,26,16,322631262,767052918
2018085,2018-07-24（二）,04,10,25,26,30,33,06,322576362,815513264
2018084,2018-07-22（日）,05,06,08,12,22,24,03,347865554,821610647
2018083,2018-07-19（四）,04,09,18,21,32,33,03,323565026,843134325
2018082,2018-07-17（二）,06,12,14,20,22,24,09,319081284,838703256
2018081,2018-07-15（日）,01,02,12,16,20,26,03,349698540,837010055
2018080,2018-07-12（四）,04,07,13,20,29,33,03,325310442,805444602
2018079,2018-07-10（二）,14,15,17,22,24,29,13,327442428,782146094
2018078,2018-07-08（日）,03,10,14,17,18,30,12,358569878,721951374
2018077,2018-07-05（四）,02,05,09,15,20,24,10,327832004,709870938
2018076,2018-07-03（二）,03,07,08,15,29,30,13,327873252,698248210
2018075,2018-07-01（日）,07,09,12,13,22,24,11,356378720,774033783
2018074,2018-06-28（四）,09,11,14,20,27,30,09,327800026,813581190
2018073,2018-06-26（二）,02,09,14,15,16,23,10,329645754,832397856
2018072,2018-06-24（日）,11,16,19,22,25,30,08,372281494,823199206
2018071,2018-06-21（四）,02,05,06,13,16,19,03,348880396,911477268
2018070,2018-06-19（二）,04,09,15,16,19,27,10,339461364,907892115
2018069,2018-06-17（日）,06,13,17,19,23,31,12,355213336,921431615
2018068,2018-06-14（四）,08,10,17,20,27,30,01,332649368,900360000
2018067,2018-06-12（二）,01,04,09,12,15,18,05,324647042,858719248
2018066,2018-06-10（日）,09,16,17,19,22,26,10,357968382,846907070
2018065,2018-06-07（四）,01,04,06,14,28,33,01,329937636,847267386
2018064,2018-06-05（二）,02,05,10,11,17,21,05,329557586,821423304
2018063,2018-06-03（日）,05,06,10,16,20,25,12,358387608,841729671
2018062,2018-05-31（四）,02,18,19,24,25,33,11,326938646,955101072
期号,开奖日期,开奖号码(红1),开奖号码(红2),开奖号码(红3),开奖号码(红4),开奖号码(红5),开奖号码(红6),开奖号码(蓝),总销售额,奖池
2018061,2018-05-29（二）,09,10,11,12,18,23,07,332550974,931563495
2018060,2018-05-27（日）,04,08,13,25,30,31,10,364451892,968808575
2018059,2018-05-24（四）,04,06,08,13,22,32,11,335528070,951572015
2018058,2018-05-22（二）,07,12,13,16,26,31,07,328678478,936339437
2018057,2018-05-20（日）,05,15,17,19,20,30,13,360079018,944921232
2018056,2018-05-17（四）,01,03,06,20,21,26,01,332042280,934983896
2018055,2018-05-15（二）,07,09,10,12,22,26,07,328077816,921156717
2018054,2018-05-13（日）,04,06,18,22,25,33,16,364343470,1075158284
2018053,2018-05-10（四）,01,04,10,11,14,27,06,336743448,1036375992
2018052,2018-05-08（二）,03,05,06,09,15,32,14,335132016,1030470724
2018051,2018-05-06（日）,05,07,20,23,27,31,04,362286900,1002362910
2018050,2018-05-03（四）,01,02,04,10,18,19,07,332612986,969426906
2018049,2018-05-01（二）,01,03,04,11,19,23,02,308606382,958977957
2018048,2018-04-29（日）,01,12,20,25,30,31,02,347082070,938951220
2018047,2018-04-26（四）,06,07,12,16,22,25,07,340211348,906138855
2018046,2018-04-24（二）,10,13,14,18,20,31,03,341414200,903210136
2018045,2018-04-22（日）,03,04,06,25,26,30,01,381384846,846265053
2018044,2018-04-19（四）,05,09,12,17,27,30,06,351490126,845550354
2018043,2018-04-17（二）,01,04,06,08,21,24,07,350595736,922258638
2018042,2018-04-15（日）,06,10,21,28,29,31,12,373384922,912888550
2018041,2018-04-12（四）,07,08,20,23,24,32,13,342614774,940022436
2018040,2018-04-10（二）,01,03,08,13,18,23,16,341719534,905458752
2018039,2018-04-08（日）,08,12,18,19,23,32,03,368394896,911280204
2018038,2018-04-05（四）,15,23,24,25,28,29,09,303245456,888445635
2018037,2018-04-03（二）,01,06,07,08,27,30,10,336334062,877589328
2018036,2018-04-01（日）,08,17,24,26,28,33,04,375931002,897368156
2018035,2018-03-29（四）,07,10,11,17,23,28,15,350309396,856009608
2018034,2018-03-27（二）,01,05,11,22,23,26,15,348544506,823152736
2018033,2018-03-25（日）,04,19,20,22,28,33,06,376360408,806829198
2018032,2018-03-22（四）,21,22,23,24,25,32,06,351194914,760396749
期号,开奖日期,开奖号码(红1),开奖号码(红2),开奖号码(红3),开奖号码(红4),开奖号码(红5),开奖号码(红6),开奖号码(蓝),总销售额,奖池
2018031,2018-03-20（二）,02,16,18,19,27,30,14,345048756,722002755
2018030,2018-03-18（日）,13,14,20,21,25,33,07,388492136,673759355
2018029,2018-03-15（四）,01,02,09,14,22,25,05,349939456,607081200
2018028,2018-03-13（二）,03,08,11,14,18,23,16,352015830,578094167
2018027,2018-03-11（日）,02,07,09,14,18,28,05,386579026,561561972
2018026,2018-03-08（四）,04,07,12,14,26,32,04,341958742,537930372
2018025,2018-03-06（二）,04,13,16,19,21,25,14,341614936,513258146
2018024,2018-03-04（日）,11,19,22,26,31,32,02,373443496,436102047
2018023,2018-03-01（四）,12,15,16,21,26,29,16,339395846,419696331
2018022,2018-02-27（二）,07,14,19,21,22,23,03,333617132,371039376
2018021,2018-02-25（日）,03,04,06,11,23,28,14,364661036,348212718
2018020,2018-02-22（四）,06,09,10,14,28,30,05,322991340,302764704
2018019,2018-02-13（二）,03,11,12,16,21,23,09,353382992,423300648
2018018,2018-02-11（日）,02,12,13,18,25,27,07,364855490,426699072
2018017,2018-02-08（四）,03,06,11,26,30,32,12,341808336,441055600
2018016,2018-02-06（二）,01,11,12,18,25,27,16,338462386,415237924
2018015,2018-02-04（日）,11,15,20,21,26,33,15,372995620,384707208
2018014,2018-02-01（四）,09,12,20,24,28,31,07,341965074,370944726
2018013,2018-01-30（二）,06,08,13,15,22,33,06,338322260,410564826
2018012,2018-01-28（日）,11,12,13,19,26,28,12,367108128,406003688
2018011,2018-01-25（四）,03,10,21,23,27,33,11,336871794,397713208
2018010,2018-01-23（二）,01,08,17,20,21,22,03,351327690,385873044
2018009,2018-01-21（日）,05,10,17,23,26,32,07,384256808,364964347
2018008,2018-01-18（四）,05,09,10,12,17,19,13,359785672,427643568
2018007,2018-01-16（二）,13,14,20,25,27,31,12,354279554,435109760
2018006,2018-01-14（日）,02,07,08,09,17,29,11,387617618,425081503
2018005,2018-01-11（四）,02,20,21,28,31,33,06,354961030,423934061
2018004,2018-01-09（二）,14,18,19,26,30,31,11,349304820,358237373
2018003,2018-01-07（日）,01,14,16,17,20,31,04,388121442,384536000
2018002,2018-01-04（四）,07,18,24,29,31,33,16,351610618,338840952
期号,开奖日期,开奖号码(红1),开奖号码(红2),开奖号码(红3),开奖号码(红4),开奖号码(红5),开奖号码(红6),开奖号码(蓝),总销售额,奖池
2018001,2018-01-02（二）,01,08,11,26,28,31,04,367348082,278621134
2017154,2017-12-31（日）,05,09,13,15,18,26,05,414241024,338693168
2017153,2017-12-28（四）,07,11,12,13,18,19,16,372349292,324719716
2017152,2017-12-26（二）,06,10,23,25,26,29,05,367326916,270223240
2017151,2017-12-24（日）,02,05,07,09,11,27,16,410102286,265615770
2017150,2017-12-21（四）,06,14,19,20,21,23,08,382821120,231409917
2017149,2017-12-19（二）,05,08,15,20,27,30,13,389703152,229382406
2017148,2017-12-17（日）,04,07,11,14,29,32,12,419003890,558628074
2017147,2017-12-14（四）,03,07,20,21,25,31,14,397012632,585636222
2017146,2017-12-12（二）,01,19,25,26,27,33,10,409358700,515383281
2017145,2017-12-10（日）,02,06,12,17,25,28,12,434698744,574055706
2017144,2017-12-07（四）,03,14,16,20,31,32,09,394649686,696647832
2017143,2017-12-05（二）,04,06,09,14,20,29,14,383967718,707688280
2017142,2017-12-03（日）,08,13,14,18,23,33,06,417715258,712354014
2017141,2017-11-30（四）,01,06,07,11,13,15,05,374075240,698733752
2017140,2017-11-28（二）,21,22,25,28,29,30,08,376479116,687332768
2017139,2017-11-26（日）,02,14,20,24,28,32,16,409744564,721754472
2017138,2017-11-23（四）,01,17,24,28,32,33,02,377937674,672085896
2017137,2017-11-21（二）,05,10,20,23,26,31,03,376184186,635431923
2017136,2017-11-19（日）,03,07,10,18,21,24,12,401556928,614278265
2017135,2017-11-16（四）,01,06,07,14,18,26,16,378825098,659493336
2017134,2017-11-14（二）,04,05,11,14,28,32,04,365781644,635172616
2017133,2017-11-12（日）,06,15,17,18,23,30,11,400247724,662957197
2017132,2017-11-09（四）,02,03,05,09,13,28,11,377852842,633905850
2017131,2017-11-07（二）,01,07,10,11,26,27,11,367788616,600864875
2017130,2017-11-05（日）,05,13,14,23,25,31,02,401382016,690570120
2017129,2017-11-02（四）,05,06,09,14,21,33,02,334351058,638652615
2017128,2017-10-31（二）,02,06,13,22,29,31,08,323872230,588766113
2017127,2017-10-29（日）,14,15,21,24,27,32,12,351381232,647103220
2017126,2017-10-26（四）,01,16,17,21,27,30,16,328800104,618963440
期号,开奖日期,开奖号码(红1),开奖号码(红2),开奖号码(红3),开奖号码(红4),开奖号码(红5),开奖号码(红6),开奖号码(蓝),总销售额,奖池
2017125,2017-10-24（二）,01,14,23,25,29,30,03,324821104,598302894
2017124,2017-10-22（日）,02,06,11,26,28,29,03,352610564,582215080
2017123,2017-10-19（四）,04,05,06,11,21,31,10,327467830,578631376
2017122,2017-10-17（二）,11,20,21,22,24,27,15,323216212,624823324
2017121,2017-10-15（日）,11,18,19,22,24,32,07,344520506,597274960
2017120,2017-10-12（四）,08,10,15,19,23,28,16,319254526,590730365
2017119,2017-10-10（二）,09,16,21,25,26,31,14,311293858,557828271
2017118,2017-10-08（日）,08,09,15,22,30,33,16,339910326,562212840
2017117,2017-10-05（四）,01,02,08,11,14,21,09,277103412,565108899
2017116,2017-10-03（二）,02,14,20,22,30,32,02,270066216,550134702
2017115,2017-10-01（日）,04,10,11,25,30,31,01,322048056,557069238
2017114,2017-09-28（四）,06,12,13,15,18,26,13,321554260,533714324
2017113,2017-09-26（二）,04,06,16,27,29,33,05,316223542,507647724
2017112,2017-09-24（日）,03,10,14,16,22,23,11,346255520,490214060
2017111,2017-09-21（四）,05,10,17,19,29,32,12,317976914,443532928
2017110,2017-09-19（二）,01,03,12,15,19,23,14,316936062,482979264
2017109,2017-09-17（日）,08,14,16,18,21,23,16,349302018,436050760
2017108,2017-09-14（四）,07,12,14,15,17,20,01,320774192,390692040
2017107,2017-09-12（二）,08,09,15,17,30,32,06,319335446,368859616
2017106,2017-09-10（日）,12,15,20,25,27,31,02,346574690,421291764
2017105,2017-09-07（四）,03,06,07,12,25,26,07,314223620,385864894
2017104,2017-09-05（二）,01,14,15,20,23,30,14,310263038,523607612
2017103,2017-09-03（日）,01,21,23,25,31,33,01,347478996,469614348
2017102,2017-08-31（四）,04,08,10,14,18,20,11,315963272,455170324
2017101,2017-08-29（二）,01,04,11,28,31,32,16,313219868,498878630
2017100,2017-08-27（日）,04,07,08,18,23,24,02,343590604,435010976
2017099,2017-08-24（四）,02,05,06,16,28,29,04,310565530,460398735
2017098,2017-08-22（二）,04,19,22,27,30,33,01,314009676,561544774
2017097,2017-08-20（日）,05,10,18,19,30,31,03,348913966,616091250
2017096,2017-08-17（四）,02,06,11,12,19,29,06,322973284,611617622
期号,开奖日期,开奖号码(红1),开奖号码(红2),开奖号码(红3),开奖号码(红4),开奖号码(红5),开奖号码(红6),开奖号码(蓝),总销售额,奖池
2017095,2017-08-15（二）,09,10,12,19,22,29,16,317203922,632720984
2017094,2017-08-13（日）,08,11,13,19,28,31,06,341689810,658076283
2017093,2017-08-10（四）,07,08,09,15,22,27,12,308248758,662712921
2017092,2017-08-08（二）,10,18,19,29,32,33,09,308876342,826577324
2017091,2017-08-06（日）,05,07,10,23,28,29,03,337138076,795913308
2017090,2017-08-03（四）,01,07,10,16,22,33,09,312174318,772752284
2017089,2017-08-01（二）,11,12,13,16,23,25,12,314842050,750483542
2017088,2017-07-30（日）,07,09,18,22,23,29,06,346380162,702515540
2017087,2017-07-27（四）,03,06,13,14,19,28,06,316090948,705056937
2017086,2017-07-25（二）,03,05,06,13,20,22,07,313250840,741969095
2017085,2017-07-23（日）,01,05,06,16,25,30,09,340676888,736565578
2017084,2017-07-20（四）,01,05,11,20,22,24,02,314750766,746247204
2017083,2017-07-18（二）,03,08,14,20,24,26,12,305712986,741221637
2017082,2017-07-16（日）,14,18,21,25,28,29,10,340327376,770257854
2017081,2017-07-13（四）,03,05,14,25,26,30,05,311169340,771574680
2017080,2017-07-11（二）,01,12,16,20,22,24,08,309113400,761168290
2017079,2017-07-09（日）,03,07,14,23,25,27,08,338568770,772154315
2017078,2017-07-06（四）,05,07,18,19,22,24,16,308678006,763870919
2017077,2017-07-04（二）,01,02,04,15,17,22,14,310153396,752910976
2017076,2017-07-02（日）,01,04,08,09,14,15,13,346391726,721042021
2017075,2017-06-29（四）,01,03,06,19,21,29,07,320592160,711353370
2017074,2017-06-27（二）,02,06,16,23,30,31,02,312167868,720097616
2017073,2017-06-25（日）,03,06,16,23,26,30,14,347269730,747555120
2017072,2017-06-22（四）,06,11,14,23,26,30,02,321195342,740584900
2017071,2017-06-20（二）,02,03,06,14,31,32,03,322489468,745151312
2017070,2017-06-18（日）,01,06,14,22,25,26,12,357559628,709557056
2017069,2017-06-15（四）,02,11,12,23,29,31,05,326172358,683978436
2017068,2017-06-13（二）,02,06,10,22,30,31,15,320912348,655631053
2017067,2017-06-11（日）,01,03,04,10,18,29,04,356270498,630964440
2017066,2017-06-08（四）,01,04,06,17,19,26,03,329821920,624968496
期号,开奖日期,开奖号码(红1),开奖号码(红2),开奖号码(红3),开奖号码(红4),开奖号码(红5),开奖号码(红6),开奖号码(蓝),总销售额,奖池
2017065,2017-06-06（二）,02,05,08,10,12,21,07,320800086,619300374
2017064,2017-06-04（日）,02,10,16,22,24,28,15,351655222,654376180
2017063,2017-06-01（四）,12,16,20,22,25,31,04,307572084,624355820
2017062,2017-05-30（二）,01,07,22,24,26,31,10,292747704,588631018
2017061,2017-05-28（日）,06,07,12,20,26,27,11,327891234,546535704
2017060,2017-05-25（四）,05,10,13,24,26,31,04,320553910,613018696
2017059,2017-05-23（二）,04,08,09,15,19,25,09,306145516,586532102
2017058,2017-05-21（日）,01,09,13,22,28,32,11,338794650,702858272
2017057,2017-05-18（四）,18,20,22,23,30,31,16,314697362,698067117
2017056,2017-05-16（二）,13,14,18,19,21,28,06,317424132,697988120
2017055,2017-05-14（日）,07,12,13,20,24,31,05,342200872,685895820
2017054,2017-05-11（四）,02,03,09,23,28,33,08,315730948,746396522
2017053,2017-05-09（二）,04,09,11,15,29,31,06,316559816,716619576
2017052,2017-05-07（日）,07,08,18,24,29,31,07,346847224,704802480
2017051,2017-05-04（四）,02,05,09,15,24,25,11,315667040,682920580
2017050,2017-05-02（二）,10,12,20,24,27,29,07,308163776,700584945
2017049,2017-04-30（日）,01,08,14,15,20,29,10,326777700,680077398
2017048,2017-04-27（四）,05,08,09,14,15,19,07,317465116,664324529
2017047,2017-04-25（二）,02,05,08,10,32,33,02,313845556,694177440
2017046,2017-04-23（日）,04,13,14,23,26,32,10,348845228,677946402
2017045,2017-04-20（四）,05,07,16,20,21,25,05,320562564,664910592
2017044,2017-04-18（二）,08,16,19,21,31,32,06,318935018,636516015
2017043,2017-04-16（日）,08,13,16,23,27,31,08,348879160,669647148
2017042,2017-04-13（四）,01,02,04,07,10,23,04,326995938,652974432
2017041,2017-04-11（二）,04,10,13,15,22,27,04,322450520,634663869
2017040,2017-04-09（日）,15,19,23,28,29,33,04,359413424,691582671
2017039,2017-04-06（四）,02,04,12,14,17,24,15,330405710,730094377
2017038,2017-04-04（二）,01,04,08,13,24,27,05,310673636,656476865
2017037,2017-04-02（日）,11,15,20,22,25,30,05,346434206,629265693
2017036,2017-03-30（四）,01,02,05,10,24,27,15,340257990,613555992
期号,开奖日期,开奖号码(红1),开奖号码(红2),开奖号码(红3),开奖号码(红4),开奖号码(红5),开奖号码(红6),开奖号码(蓝),总销售额,奖池
2017035,2017-03-28（二）,01,06,14,24,28,32,12,342022594,568068720
2017034,2017-03-26（日）,04,07,08,19,32,33,13,373962682,618519064
2017033,2017-03-23（四）,05,07,15,20,23,30,15,346477046,610298424
2017032,2017-03-21（二）,05,08,15,24,27,31,11,346410188,609910623
2017031,2017-03-19（日）,06,10,16,26,27,29,03,377406752,924910650
2017030,2017-03-16（四）,01,07,09,20,23,30,02,350487064,1037107695
2017029,2017-03-14（二）,02,15,21,23,25,30,10,343011048,1003660344
2017028,2017-03-12（日）,07,08,12,13,22,30,09,377657484,977766651
2017027,2017-03-09（四）,02,04,11,14,27,30,05,344767540,980689536
2017026,2017-03-07（二）,03,10,12,19,27,30,08,338217710,954816000
2017025,2017-03-05（日）,02,15,16,17,22,32,07,372684176,1076249141
2017024,2017-03-02（四）,09,21,25,26,29,31,13,342020216,1093529538
2017023,2017-02-28（二）,01,03,04,11,18,22,14,337872226,1072263213
2017022,2017-02-26（日）,02,06,15,16,18,32,15,370988738,1029761908
2017021,2017-02-23（四）,02,05,10,22,32,33,09,329896520,984320688
2017020,2017-02-21（二）,04,08,10,12,31,33,10,321450250,1016040400
2017019,2017-02-19（日）,04,06,08,12,23,25,08,362828374,992823572
2017018,2017-02-16（四）,01,02,03,17,25,31,09,332385048,976565180
2017017,2017-02-14（二）,03,07,08,10,22,23,12,329086094,973496920
2017016,2017-02-12（日）,05,08,16,22,27,29,02,349767606,957434232
2017015,2017-02-09（四）,01,08,09,14,17,32,01,314977594,976589244
2017014,2017-02-07（二）,06,08,18,20,23,31,13,307538720,944740410
2017013,2017-02-05（日）,08,11,28,29,31,33,06,377878424,924629020
2017012,2017-01-26（四）,10,11,14,15,16,24,07,329120186,919697751
2017011,2017-01-24（二）,10,11,12,23,26,29,16,318019266,914786466
2017010,2017-01-22（日）,05,08,19,25,28,30,07,350388682,914275770
2017009,2017-01-19（四）,02,06,08,09,15,29,14,318286702,1043538642
2017008,2017-01-17（二）,07,13,15,27,28,29,13,318368112,1039620330
2017007,2017-01-15（日）,02,04,05,24,26,33,15,358098002,1049607797
2017006,2017-01-12（四）,02,04,08,26,29,33,08,327823184,1019607668
期号,开奖日期,开奖号码(红1),开奖号码(红2),开奖号码(红3),开奖号码(红4),开奖号码(红5),开奖号码(红6),开奖号码(蓝),总销售额,奖池
2017005,2017-01-10（二）,06,11,12,22,23,30,05,328457210,1018195332
2017004,2017-01-08（日）,05,13,17,26,27,30,07,361243290,1046462778
2017003,2017-01-05（四）,01,04,08,15,27,32,16,328263696,1089595542
2017002,2017-01-03（二）,15,19,23,24,25,32,03,333473696,1046185700
2017001,2017-01-01（日）,09,11,14,20,25,26,15,376155592,1007519355
2016153,2016-12-29（四）,07,09,16,24,25,29,06,342438226,990091165
2016152,2016-12-27（二）,02,08,09,16,20,22,07,338973816,974772214
2016151,2016-12-25（日）,06,11,16,20,22,33,07,375311070,1013655324
2016150,2016-12-22（四）,02,04,05,09,13,21,05,350741078,1010476368
2016149,2016-12-20（二）,03,20,23,26,32,33,07,342258704,1069092085
2016148,2016-12-18（日）,01,02,11,20,26,30,14,381634232,1060899760
2016147,2016-12-15（四）,04,14,18,28,31,32,12,341474648,1053462300
2016146,2016-12-13（二）,03,07,15,16,17,23,10,344859752,1030668248
2016145,2016-12-11（日）,01,03,07,12,19,20,06,398955964,1019425688
2016144,2016-12-08（四）,04,10,12,27,32,33,05,372346108,1031610174
2016143,2016-12-06（二）,06,09,23,24,25,33,13,378923738,1055352355
2016142,2016-12-04（日）,01,10,17,21,23,30,12,407120242,1025247212
2016141,2016-12-01（四）,04,13,15,17,21,24,15,371798444,1025247440
2016140,2016-11-29（二）,01,02,05,17,26,32,10,360447386,998908480
2016139,2016-11-27（日）,01,06,19,26,28,30,03,395456724,1041642655
2016138,2016-11-24（四）,07,16,20,24,25,30,07,350229764,998764932
2016137,2016-11-22（二）,01,06,09,10,15,32,14,339962622,1024045140
2016136,2016-11-20（日）,02,07,10,20,27,29,03,396457052,989371808
2016135,2016-11-17（四）,02,08,10,18,20,33,12,353219786,973012992
2016134,2016-11-15（二）,11,12,13,14,18,33,13,356409344,1057618368
2016133,2016-11-13（日）,15,16,21,22,27,33,15,397601552,1035115770
2016132,2016-11-10（四）,05,08,13,19,27,28,07,349399364,1107687796
2016131,2016-11-08（二）,04,10,18,19,25,27,02,341425796,1286258608
2016130,2016-11-06（日）,03,17,21,23,27,28,01,389013348,1258366632
2016129,2016-11-03（四）,05,06,08,21,31,33,14,356293078,1236923614
期号,开奖日期,开奖号码(红1),开奖号码(红2),开奖号码(红3),开奖号码(红4),开奖号码(红5),开奖号码(红6),开奖号码(蓝),总销售额,奖池
2016128,2016-11-01（二）,04,09,11,17,26,27,13,346505806,1172302677
2016127,2016-10-30（日）,07,12,17,26,29,31,16,377635784,1208693682
2016126,2016-10-27（四）,02,06,12,17,18,19,10,347402822,1154908300
2016125,2016-10-25（二）,01,06,08,20,27,30,03,346147358,1117386530
2016124,2016-10-23（日）,09,15,21,24,27,32,10,370331346,1144946805
2016123,2016-10-20（四）,07,09,12,14,20,27,16,305299416,1119192450
2016122,2016-10-18（二）,15,22,23,24,28,29,08,305059324,1089129612
2016121,2016-10-16（日）,02,03,10,23,25,28,09,340006950,1082073970
2016120,2016-10-13（四）,02,05,06,21,25,28,09,309329228,1054589076
2016119,2016-10-11（二）,09,19,21,30,31,32,04,302415052,1044045944
