期号,省份
2023071期,河北
2023071期,辽宁
2023071期,黑龙江
2023071期,浙江
2023071期,浙江
2023071期,福建
2023071期,山东
2023071期,河南
2023071期,湖南
2023071期,广西
2023071期,四川
2023071期,甘肃
2023071期,甘肃
2023069期,河北
2023069期,河北
2023069期,浙江
2023069期,山东
2023069期,甘肃
2023068期,河北
2023067期,河北
期号,省份
2023067期,辽宁
2023067期,黑龙江
2023067期,福建
2023067期,四川
2023066期,河北
2023066期,辽宁
2023066期,黑龙江
2023066期,浙江
2023066期,浙江
2023066期,江西
2023066期,山东
2023066期,新疆
2023065期,河北
2023065期,浙江
2023065期,山东
2023065期,河南
2023065期,湖北
2023065期,广东
2023064期,北京
2023064期,山西
期号,省份
2023064期,河南
2023064期,河南
2023064期,河南
2023064期,河南
2023064期,河南
2023064期,湖北
2023064期,湖南
2023064期,湖南
2023064期,广东
2023064期,广西
2023064期,广西
2023064期,陕西
2023063期,北京
2023063期,广东
2023063期,广东
2023063期,广东
2023062期,黑龙江
2023061期,山东
2023061期,湖南
2023060期,辽宁
期号,省份
2023060期,江苏
2023060期,江苏
2023060期,浙江
2023060期,山东
2023060期,陕西
2023059期,吉林
2023059期,黑龙江
2023059期,黑龙江
2023059期,江苏
2023059期,浙江
2023059期,安徽
2023059期,安徽
2023059期,安徽
2023059期,福建
2023059期,山东
2023059期,河南
2023059期,广东
2023059期,广东
2023059期,重庆
2023059期,陕西
期号,省份
2023058期,上海
2023058期,四川
2023057期,黑龙江
2023057期,上海
2023057期,江苏
2023057期,浙江
2023057期,安徽
2023057期,江西
2023057期,江西
2023057期,湖南
2023057期,湖南
2023057期,广东
2023057期,广东
2023057期,四川
2023057期,四川
2023057期,四川
2023057期,陕西
2023057期,新疆
2023056期,北京
2023056期,上海
期号,省份
2023056期,江苏
2023056期,山东
2023056期,深圳
2023056期,四川
2023055期,广东
2023054期,江苏
2023054期,江西
2023054期,江西
2023054期,山东
2023054期,广东
2023054期,广西
2023053期,河北
2023053期,河北
2023053期,福建
2023053期,山东
2023053期,河南
2023053期,广东
2023052期,辽宁
2023052期,吉林
2023052期,黑龙江
期号,省份
2023052期,上海
2023052期,江苏
2023052期,江苏
2023052期,江苏
2023052期,福建
2023052期,山东
2023052期,四川
2023052期,云南
2023051期,广东
2023051期,广东
2023050期,湖南
2023050期,西藏
2023049期,山西
2023049期,吉林
2023049期,江苏
2023049期,山东
2023049期,四川
2023049期,四川
2023048期,北京
2023048期,辽宁
期号,省份
2023048期,上海
2023048期,浙江
2023048期,浙江
2023048期,浙江
2023048期,山东
2023048期,河南
2023048期,湖南
2023048期,湖南
2023048期,广东
2023048期,广东
2023048期,四川
2023048期,贵州
2023048期,甘肃
2023048期,新疆
2023047期,北京
2023047期,辽宁
2023047期,浙江
2023047期,浙江
2023047期,安徽
2023047期,广东
期号,省份
2023047期,四川
2023047期,贵州
2023046期,山西
2023046期,湖北
2023046期,广东
2023046期,四川
2023045期,北京
2023045期,天津
2023045期,江苏
2023045期,山东
2023045期,湖北
2023045期,湖南
2023045期,重庆
2023045期,重庆
2023045期,云南
2023044期,上海
2023044期,江苏
2023044期,安徽
2023044期,重庆
2023043期,天津
期号,省份
2023043期,上海
2023043期,浙江
2023043期,浙江
2023043期,安徽
2023043期,福建
2023043期,广东
2023043期,广东
2023043期,广东
2023043期,广东
2023043期,广西
2023043期,重庆
2023043期,贵州
2023042期,辽宁
2023042期,浙江
2023042期,湖北
2023042期,广东
2023042期,广东
2023042期,广东
2023042期,深圳
2023042期,广西
期号,省份
2023042期,云南
2023042期,云南
2023041期,山东
2023041期,湖北
2023041期,重庆
2023040期,山西
2023040期,辽宁
2023040期,山东
2023040期,陕西
2023040期,陕西
2023039期,上海
2023039期,浙江
2023039期,河南
2023039期,广东
2023039期,深圳
2023038期,吉林
2023038期,黑龙江
2023038期,上海
2023038期,安徽
2023038期,河南
期号,省份
2023038期,湖北
2023038期,湖南
2023038期,贵州
2023038期,云南
2023038期,宁夏
2023038期,新疆
2023037期,河北
2023037期,江苏
2023037期,江西
2023037期,河南
2023037期,海南
2023037期,四川
2023037期,陕西
2023036期,黑龙江
2023036期,江苏
2023036期,浙江
2023036期,浙江
2023036期,安徽
2023036期,山东
2023036期,山东
期号,省份
2023036期,山东
2023036期,河南
2023036期,河南
2023036期,广西
2023036期,广西
2023036期,广西
2023036期,重庆
2023036期,陕西
2023036期,新疆
2023035期,江苏
2023035期,浙江
2023035期,深圳
2023035期,四川
2023035期,四川
2023035期,四川
2023034期,辽宁
2023034期,上海
2023034期,上海
2023034期,深圳
2023033期,湖南
期号,省份
2023033期,广西
2023033期,云南
2023033期,青海
2023033期,新疆
2023032期,浙江
2023032期,安徽
2023032期,江西
2023032期,江西
2023032期,山东
2023032期,河南
2023032期,广东
2023032期,四川
2023031期,湖南
2023031期,广东
2023031期,广东
2023030期,上海
2023030期,广东
2023030期,海南
2023030期,重庆
2023030期,陕西
期号,省份
2023030期,陕西
2023029期,辽宁
2023029期,福建
2023029期,广东
2023029期,四川
2023028期,北京
2023028期,广东
2023028期,宁夏
2023028期,新疆
2023027期,江苏
2023027期,广东
2023027期,广东
2023027期,广东
2023026期,河北
2023026期,辽宁
2023026期,辽宁
2023026期,黑龙江
2023026期,黑龙江
2023026期,江苏
2023026期,浙江
期号,省份
2023026期,湖南
2023025期,河北
2023025期,辽宁
2023025期,吉林
2023025期,江苏
2023025期,江苏
2023025期,浙江
2023025期,广西
2023025期,重庆
2023025期,四川
2023025期,四川
2023024期,河北
2023024期,河北
2023024期,黑龙江
2023024期,上海
2023024期,江苏
2023024期,江苏
2023024期,浙江
2023024期,江西
2023024期,湖北
期号,省份
2023024期,深圳
2023024期,重庆
2023024期,云南
2023024期,云南
2023024期,云南
2023024期,云南
2023024期,陕西
2023024期,甘肃
2023024期,新疆
2023023期,河北
2023023期,黑龙江
2023023期,江苏
2023023期,江苏
2023023期,浙江
2023023期,安徽
2023023期,安徽
2023023期,安徽
2023023期,安徽
2023023期,江西
2023023期,江西
期号,省份
2023023期,山东
2023023期,山东
2023023期,山东
2023023期,山东
2023023期,山东
2023023期,河南
2023023期,湖北
2023023期,湖北
2023023期,广东
2023023期,广东
2023023期,广东
2023023期,广东
2023023期,深圳
2023023期,深圳
2023023期,深圳
2023023期,广西
2023023期,重庆
2023023期,重庆
2023023期,四川
2023023期,云南
期号,省份
2023023期,陕西
2023023期,陕西
2023023期,陕西
2023022期,重庆
2023021期,内蒙古
2023021期,辽宁
2023021期,浙江
2023021期,福建
2023021期,山东
2023021期,湖南
2023021期,湖南
2023021期,四川
2023021期,云南
2023021期,陕西
2023021期,陕西
2023020期,山东
2023019期,天津
2023019期,天津
2023019期,内蒙古
2023019期,江苏
期号,省份
2023019期,河南
2023019期,陕西
2023019期,陕西
2023018期,湖南
2023017期,内蒙古
2023017期,浙江
2023017期,福建
2023017期,湖北
2023017期,广东
2023017期,广西
2023016期,河南
2023016期,贵州
2023015期,北京
2023015期,上海
2023015期,江苏
2023015期,河南
2023015期,广东
2023015期,广西
2023015期,重庆
2023015期,四川
期号,省份
2023014期,内蒙古
2023014期,辽宁
2023014期,上海
2023014期,江西
2023014期,山东
2023013期,安徽
2023013期,贵州
2023012期,天津
2023012期,吉林
2023012期,江苏
2023012期,江苏
2023012期,江苏
2023012期,福建
2023012期,江西
2023012期,湖北
2023012期,四川
2023012期,四川
2023012期,甘肃
2023011期,河北
2023011期,江苏
期号,省份
2023011期,安徽
2023011期,山东
2023011期,河南
2023011期,广东
2023011期,广西
2023011期,四川
2023011期,宁夏
2023011期,新疆
2023010期,北京
2023010期,北京
2023010期,浙江
2023010期,安徽
2023010期,江西
2023010期,湖南
2023010期,湖南
2023010期,陕西
2023009期,浙江
2023009期,湖北
2023008期,河北
2023008期,辽宁
期号,省份
2023008期,江苏
2023008期,江苏
2023008期,江苏
2023008期,浙江
2023008期,山东
2023008期,重庆
2023008期,甘肃
2023007期,北京
2023007期,湖北
2023007期,青海
2023006期,内蒙古
2023006期,内蒙古
2023006期,上海
2023006期,安徽
2023006期,重庆
2023006期,新疆
2023006期,新疆
2023005期,黑龙江
2023005期,四川
2023004期,上海
期号,省份
2023004期,福建
2023004期,福建
2023004期,广西
2023004期,广西
2023004期,重庆
2023004期,重庆
2023003期,上海
2023003期,浙江
2023003期,安徽
2023003期,山东
2023003期,广西
2023003期,云南
2023003期,云南
2023003期,青海
2023002期,上海
2023002期,上海
2023002期,浙江
2023002期,浙江
2023001期,辽宁
2023001期,黑龙江
期号,省份
2023001期,黑龙江
2023001期,江苏
2023001期,福建
2023001期,云南
2022150期,河北
2022150期,辽宁
2022150期,湖北
2022150期,四川
2022150期,云南
2022150期,云南
2022150期,陕西
2022149期,河北
2022149期,河北
2022149期,辽宁
2022149期,江苏
2022149期,浙江
2022149期,云南
2022149期,云南
2022148期,山西
2022148期,吉林
期号,省份
2022148期,浙江
2022148期,浙江
2022148期,福建
2022148期,江西
2022148期,湖南
2022148期,广东
2022148期,深圳
2022147期,北京
2022147期,河北
2022147期,浙江
2022147期,福建
2022147期,福建
2022147期,河南
2022147期,河南
2022147期,湖北
2022147期,湖北
2022147期,广东
2022147期,广东
2022147期,广西
2022147期,广西
期号,省份
2022147期,四川
2022147期,云南
2022147期,新疆
2022147期,新疆
2022146期,河北
2022146期,辽宁
2022146期,江苏
2022146期,广东
2022146期,广西
2022146期,四川
2022146期,四川
2022146期,云南
2022145期,浙江
2022145期,浙江
2022145期,广西
2022145期,陕西
2022144期,江苏
2022144期,江苏
2022144期,云南
2022144期,云南
期号,省份
2022144期,陕西
2022144期,甘肃
2022143期,辽宁
2022143期,浙江
2022143期,浙江
2022143期,福建
2022143期,江西
2022143期,江西
2022143期,江西
2022143期,山东
2022143期,广东
2022143期,广西
2022143期,海南
2022143期,四川
2022143期,云南
2022142期,河北
2022142期,河北
2022142期,江苏
2022142期,浙江
2022142期,浙江
期号,省份
2022142期,浙江
2022142期,浙江
2022142期,山东
2022142期,山东
2022142期,湖南
2022142期,深圳
2022141期,江苏
2022141期,江苏
2022141期,山东
2022141期,湖北
2022141期,广东
2022141期,广东
2022141期,宁夏
2022141期,新疆
2022140期,河北
2022140期,辽宁
2022140期,辽宁
2022140期,江苏
2022140期,浙江
2022140期,浙江
期号,省份
2022140期,安徽
2022140期,广东
2022140期,广东
2022140期,广西
2022140期,重庆
2022140期,重庆
2022140期,云南
2022140期,宁夏
2022139期,北京
2022139期,河北
2022139期,内蒙古
2022139期,上海
2022139期,上海
2022139期,江苏
2022139期,山东
2022139期,山东
2022139期,湖南
2022139期,广东
2022139期,四川
2022139期,云南
期号,省份
2022138期,河北
2022138期,新疆
2022137期,辽宁
2022137期,浙江
2022137期,福建
2022137期,山东
2022137期,广东
2022137期,云南
2022136期,河北
2022136期,上海
2022136期,上海
2022136期,浙江
2022136期,浙江
2022136期,浙江
2022136期,河南
2022136期,河南
2022136期,湖南
2022136期,广西
2022136期,广西
2022136期,四川
期号,省份
2022136期,四川
2022136期,云南
2022136期,甘肃
2022136期,新疆
2022136期,新疆
2022135期,山西
2022135期,江苏
2022135期,江苏
2022135期,浙江
2022135期,安徽
2022135期,安徽
2022135期,广东
2022135期,云南
2022134期,北京
2022134期,河北
2022134期,江苏
2022134期,江苏
2022134期,浙江
2022134期,深圳
2022134期,贵州
期号,省份
2022133期,浙江
2022133期,山东
2022133期,河南
2022133期,湖北
2022133期,湖南
2022133期,湖南
2022133期,深圳
2022133期,四川
2022133期,云南
2022133期,陕西
2022132期,浙江
2022132期,湖北
2022132期,云南
2022131期,内蒙古
2022131期,内蒙古
2022131期,吉林
2022131期,吉林
2022131期,黑龙江
2022131期,上海
2022131期,江苏
期号,省份
2022131期,江西
2022131期,山东
2022131期,河南
2022131期,湖北
2022131期,广东
2022131期,四川
2022131期,四川
2022131期,青海
2022130期,山西
2022130期,黑龙江
2022130期,黑龙江
2022130期,黑龙江
2022130期,江苏
2022130期,江苏
2022130期,江苏
2022130期,江苏
2022130期,浙江
2022130期,浙江
2022130期,浙江
2022130期,浙江
期号,省份
2022130期,浙江
2022130期,福建
2022130期,江西
2022130期,山东
2022130期,山东
2022130期,山东
2022130期,山东
2022130期,河南
2022130期,河南
2022130期,湖南
2022130期,湖南
2022130期,广东
2022130期,广东
2022130期,广东
2022130期,广东
2022130期,广东
2022130期,广西
2022130期,海南
2022130期,重庆
2022130期,重庆
期号,省份
2022130期,重庆
2022130期,四川
2022130期,四川
2022130期,云南
2022130期,云南
2022130期,云南
2022130期,甘肃
2022130期,青海
2022130期,宁夏
2022130期,宁夏
2022130期,新疆
2022129期,辽宁
2022129期,辽宁
2022129期,黑龙江
2022129期,浙江
2022129期,福建
2022129期,贵州
2022129期,陕西
2022128期,黑龙江
2022128期,浙江
期号,省份
2022128期,广东
2022128期,广西
2022128期,四川
2022127期,内蒙古
2022127期,辽宁
2022127期,浙江
2022127期,浙江
2022126期,内蒙古
2022126期,浙江
2022126期,四川
2022126期,陕西
2022125期,山西
2022125期,山东
2022125期,山东
2022125期,湖北
2022125期,云南
2022125期,陕西
2022124期,北京
2022124期,安徽
2022124期,海南
期号,省份
2022124期,四川
2022123期,天津
2022123期,内蒙古
2022123期,江苏
2022123期,安徽
2022123期,河南
2022123期,广东
2022123期,广西
2022122期,北京
2022122期,北京
2022122期,河北
2022122期,河北
2022122期,山西
2022122期,辽宁
2022122期,浙江
2022122期,浙江
2022122期,浙江
2022122期,安徽
2022122期,山东
2022122期,山东
期号,省份
2022122期,山东
2022122期,湖北
2022122期,湖北
2022122期,湖南
2022122期,四川
2022122期,四川
2022122期,云南
2022121期,河北
2022121期,山东
2022121期,湖南
2022121期,云南
2022120期,上海
2022120期,安徽
2022120期,河南
2022120期,广西
2022120期,广西
2022119期,山西
2022119期,黑龙江
2022119期,浙江
2022119期,福建
期号,省份
2022119期,湖北
2022119期,广东
2022119期,深圳
2022119期,云南
2022119期,甘肃
2022118期,江苏
2022118期,福建
2022118期,重庆
2022118期,重庆
2022118期,云南
2022117期,江苏
2022117期,浙江
2022117期,福建
2022117期,湖南
2022117期,广东
2022117期,贵州
2022117期,陕西
2022117期,甘肃
2022117期,宁夏
2022116期,江苏
期号,省份
2022115期,辽宁
2022115期,吉林
2022115期,浙江
2022115期,浙江
2022115期,安徽
2022115期,福建
2022115期,山东
2022115期,河南
2022115期,广东
2022115期,广东
2022115期,广东
2022115期,广东
2022115期,广东
2022115期,广东
2022115期,四川
2022115期,四川
2022115期,贵州
2022115期,云南
2022114期,河北
2022114期,河北
期号,省份
2022114期,黑龙江
2022114期,上海
2022114期,福建
2022114期,山东
2022114期,广东
2022114期,广东
2022114期,云南
2022114期,云南
2022114期,青海
2022113期,云南
2022113期,甘肃
2022112期,安徽
2022112期,湖北
2022112期,广西
2022112期,陕西
2022111期,上海
2022111期,安徽
2022111期,湖北
2022110期,上海
2022110期,浙江
期号,省份
2022110期,江西
2022110期,江西
2022110期,山东
2022110期,山东
2022110期,贵州
2022109期,吉林
2022109期,浙江
2022109期,浙江
2022109期,四川
2022108期,河北
2022108期,上海
2022108期,江苏
2022108期,江苏
2022108期,浙江
2022108期,山东
2022108期,山东
2022108期,山东
2022108期,广东
2022108期,四川
2022108期,云南
期号,省份
2022107期,山西
2022107期,内蒙古
2022107期,浙江
2022107期,浙江
2022107期,河南
2022107期,广东
2022107期,重庆
2022107期,重庆
2022107期,宁夏
2022106期,上海
2022106期,山东
2022106期,湖北
2022105期,河北
2022105期,河北
2022105期,山东
2022105期,广东
2022104期,河北
2022104期,山西
2022104期,黑龙江
2022104期,上海
期号,省份
2022104期,上海
2022104期,江西
2022104期,河南
2022104期,广东
2022104期,广东
2022104期,海南
2022104期,重庆
2022104期,云南
2022104期,云南
2022104期,陕西
2022103期,北京
2022103期,河北
2022103期,辽宁
2022103期,上海
2022103期,江苏
2022103期,江苏
2022103期,湖北
2022103期,广东
2022103期,深圳
2022103期,深圳
期号,省份
2022103期,四川
2022103期,贵州
2022102期,辽宁
2022102期,黑龙江
2022102期,上海
2022102期,四川
2022102期,贵州
2022101期,辽宁
2022101期,江苏
2022101期,福建
2022101期,广东
2022101期,广东
2022101期,广东
2022101期,深圳
2022101期,四川
2022101期,四川
2022101期,云南
2022101期,新疆
2022100期,江苏
2022100期,福建
期号,省份
2022100期,山东
2022100期,湖北
2022100期,重庆
2022099期,内蒙古
2022099期,上海
2022099期,江苏
2022099期,山东
2022099期,山东
2022099期,四川
2022099期,陕西
2022098期,河北
2022098期,辽宁
2022098期,黑龙江
2022098期,江苏
2022098期,江苏
2022098期,浙江
2022098期,山东
2022098期,山东
2022098期,山东
2022098期,湖南
期号,省份
2022098期,广东
2022098期,云南
2022098期,陕西
2022097期,黑龙江
2022097期,四川
2022097期,陕西
2022096期,北京
2022096期,北京
2022096期,北京
2022096期,浙江
2022096期,山东
2022096期,深圳
2022096期,甘肃
2022095期,辽宁
2022095期,黑龙江
2022095期,上海
2022095期,上海
2022095期,浙江
2022095期,广东
2022095期,云南
期号,省份
2022094期,河北
2022094期,广东
2022094期,深圳
2022093期,山西
2022093期,福建
2022092期,北京
2022092期,江苏
2022092期,福建
2022092期,湖北
2022092期,广东
2022092期,四川
2022092期,四川
2022091期,北京
2022091期,北京
2022091期,辽宁
2022091期,江苏
2022091期,江西
2022091期,湖北
2022091期,广东
2022091期,四川
期号,省份
2022090期,浙江
2022090期,山东
2022090期,山东
2022090期,广东
2022090期,深圳
2022090期,海南
2022090期,甘肃
2022089期,山东
2022089期,广西
2022089期,云南
2022088期,辽宁
2022088期,江苏
2022088期,江苏
2022088期,浙江
2022088期,浙江
2022088期,安徽
2022088期,安徽
2022088期,山东
2022088期,河南
2022088期,河南
期号,省份
2022088期,广东
2022088期,广东
2022088期,四川
2022088期,云南
2022087期,河北
2022087期,辽宁
2022087期,辽宁
2022087期,上海
2022087期,江苏
2022087期,广东
2022086期,辽宁
2022086期,江苏
2022086期,浙江
2022086期,浙江
2022086期,山东
2022086期,湖南
2022086期,广东
2022086期,云南
2022085期,北京
2022085期,吉林
